id	batch	stratum	path	adv	ctx	ms	answer	outcome	pair	in_text	suggested	freq_text	freq_sugg	position	words	source_id	sentence
b001-001	batch-001	real	adjacent	23	2	8092	in-text	overruled	ס/ש	יספרו	ישפרו	70	43	4	7	firing-169533-4	אתה יודע יום אחד יספרו את הסיפור
b001-002	batch-001	real	adjacent	35	2	17718	in-text	overruled	ס/ש	מאסר	מאשר	90	118	14	18	firing-61713-14	כך שתסתכלו על הכל ותהיו צמודים למכשירי הקשר אם תמצאו משהוא תודיעו אני רוצה מאסר לא קרב יריות
b001-003	batch-001	real	adjacent	24	2	7574	in-text	overruled	ו/ב	וריאה	בריאה	30	90	2	15	firing-160916-2	לב כבד וריאה של כבשה טחונים עם חלב כליות בצלים ושיבולת שועל מורתחים בקיבת חיה
b001-004	batch-001	real	adjacent	34	2	12844	unclear	unclear	ט/ת	הביט	הבית	78	126	1	7	firing-53213-1	שזה הביט עליהם כמחלה מדבקת בכמה גלקסיות
b001-005	batch-001	real	adjacent	21	2	26903	unclear	unclear	כ/ק	לכבל	לקבל	49	130	5	9	firing-252013-5	אם אתה רוצה שאקח אותך לכבל אני רוצה הסבר
b001-006	batch-001	real	adjacent	25	2	9575	in-text	overruled	ב/ו	בהרבה	והרבה	98	89	2	5	firing-255541-2	ברייס בגד בהרבה אנשים נכון
b001-007	batch-001	real	adjacent	34	2	15589	unclear	unclear	ע/א	שועל	שואל	82	110	5	7	firing-88357-5	גרג אמר שזה לא היה שועל אמיתי
b001-008	batch-001	real	adjacent	25	2	7857	in-text	overruled	ש/ס	שקי	סקי	73	84	9	23	firing-221784-9	אבא ודאי לא שם לב שפרקתי ק ג של שקי קמח כי הוא עדיין לא יכול להרימם ולכן אין לאמא זמן לשבת ולקשקש
b001-009	batch-001	real	adjacent	26	2	18143	in-text	overruled	ש/ס	ישלחו	יסלחו	83	63	10	15	firing-192912-10	קח אותו לביה ח ואל תזכיר את הכתובת פה שלא ישלחו לי מפקחים של הממשלה
b001-010	batch-001	real	adjacent	98	2	2222	in-text	overruled	ש/ס	לשפר	לספר	91	127	2	7	firing-241004-2	מתערבת שאוכל לשפר לך את מצב הרוח
b001-011	batch-001	real	adjacent	63	2	3595	suggested	agreed	ע/א	יעבד	יאבד	33	79	8	18	firing-93321-8	אנדרו עבד עבורי במשך שנה אף אחד לא יעבד את מקום פרנסתו בטח שאין חשש בלבצע עידכונים כאלה
b001-012	batch-001	real	adjacent	25	2	4354	suggested	agreed	ו/ב	ושל	בשל	95	97	9	13	firing-222247-9	את אומרת שהנאשם גאיוס בולטאר הורה על הוצאתך להורג ושל עוד אזרחים אחרים
b001-013	batch-001	real	adjacent	70	2	4147	in-text	overruled	א/ע	אל	על	148	164	2	5	firing-109473-2	ומה בקשר אל הילדה הזאת
b001-014	batch-001	real	adjacent	22	2	2426	in-text	overruled	ע/א	עולם	אולם	108	96	3	6	firing-215203-3	הוא יראה לי עולם שלא הכרתי
b001-015	batch-001	real	adjacent	62	2	2868	suggested	agreed	ע/א	תביע	תביא	63	113	2	5	firing-121081-2	אולי היא תביע אותה אישית
b001-016	batch-001	injected	known			7754	suggested	control-pass	ס/ש	סל	של	80	162	7	16	injected-124860-7	אבי שלח את אונקס ואותי לביה ס סל הכומר וילוק בגיל כדי שנכיר את שני העולמות
b001-017	batch-001	real	adjacent	28	2	6642	unclear	unclear	כ/ח	לאכ	לאח	30	82	9	12	firing-503-9	תאמ ןמ ור יפל ב וח ול ו ש לאכ י מ
b001-018	batch-001	real	adjacent	21	2	10126	unclear	unclear	ו/ב	וקטע	בקטע	41	97	1	4	firing-24739-1	אהבה וקטע עם כלב
b001-019	batch-001	real	adjacent	25	2	5482	in-text	overruled	ו/ב	ותכנון	בתכנון	45	72	4	6	firing-223622-4	וליתר דיוק מחלקת הנדסה ותכנון ערים
b001-020	batch-001	injected	known			10811	suggested	control-pass	ע/א	עז	אז	85	155	1	11	injected-78141-1	או עז מה שג יי ראה שם אלה לא באמת שדיים
b001-021	batch-001	real	adjacent	35	2	5547	in-text	overruled	ו/ב	הקורים	הקברים	57	69	4	18	firing-182196-4	כשאין איפה לתלות את הקורים שלהם הם טווים את חוטי המשי על האדמה חול מסבך נותן תבואה יחדיו
b001-022	batch-001	injected	known			5105	suggested	control-pass	ע/א	רועה	רואה	74	135	2	21	injected-46278-2	כאן אתה רועה את העמים או סמלי העמים השונים מקבצים את ארבעת יסודות החיים המים האש האדמה והאוויר סביב ליסוד החמישי
b001-023	batch-001	real	adjacent	21	2	9155	in-text	overruled	כ/ח	לכם	לחם	132	97	7	11	firing-91722-7	משלם את החשבונות קונה ת אוכל שם לכם גג מעל הראש
b001-024	batch-001	real	adjacent	39	2	5247	in-text	overruled	ב/ו	לגבר	לגור	94	108	3	13	firing-254688-3	ג יין ראויה לגבר בו היא חושקת לא לזה שישלם מחיר גבוה יותר
b001-025	batch-001	real	adjacent	25	2	4982	in-text	overruled	ע/א	עפה	אפה	80	82	2	5	firing-124664-2	איך את עפה בלי כנפיים
b001-026	batch-001	injected	known			1918	suggested	control-pass	ע/א	עיפה	איפה	40	140	3	6	injected-2311-3	אלווה אותך הביתה עיפה את גרה
b001-027	batch-001	real	adjacent	45	2	10581	unclear	unclear	ב/ו	הבא	הוא	125	164	4	9	firing-178965-4	כן היום זה יום הבא לעבודה קרוב משפחה רחוק
b001-028	batch-001	real	adjacent	23	2	2893	in-text	overruled	ע/א	קורעת	קוראת	71	103	4	6	firing-10203-4	כי את יודעת שאני קורעת אותך
b001-029	batch-001	real	adjacent	28	2	4224	in-text	overruled	ע/א	עליך	אליך	128	124	4	8	firing-230436-4	קנדל אני חושב שעובר עליך עוד יום רע
b001-030	batch-001	real	adjacent	29	2	2630	in-text	overruled	ש/ס	משיט	מסיט	52	58	3	7	firing-201772-3	תראי איך הוא משיט את האונייה שלו
b001-031	batch-001	real	adjacent	104	2	4171	in-text	overruled	ב/ו	אב	או	101	150	2	10	firing-244832-2	אני רוצה אב שהוא אותו האיש גם בבוקר וגם בלילה
b001-032	batch-001	injected	known			1882	suggested	control-pass	א/ע	פאם	פעם	92	141	3	7	injected-44764-3	אף אחד אף פאם לא דאג לו
b001-033	batch-001	real	adjacent	26	2	4983	both-fine	both-fine	ס/ש	הסלט	השלט	75	90	2	4	firing-30211-2	בא במקום הסלט הזה
b001-034	batch-001	real	adjacent	37	2	4543	suggested	agreed	ע/א	עני	אני	88	177	2	6	firing-208249-2	או שתהיה עני בחוץ בחלק מהם
b001-035	batch-001	clean	none			3596	in-text	control-pass	א/ע	השאיר	השעיר	102	68	1	6	clean-47141-1	הוא השאיר את אמא שלי בצד
b001-036	batch-001	real	adjacent	25	2	13525	unclear	unclear	ע/א	לעזור	לאזור	133	92	3	8	firing-188436-3	היי תשאל אותו לעזור לא אנחנו נכנסים לצרות
b001-037	batch-001	clean	none			7408	in-text	control-pass	ו/ב	שהוא	שהבא	146	40	5	15	clean-38698-5	החוק אומר שהוא צריך לדעת שהוא מוצא להורג הוא חייב לדעת למה הוא מוצא להורג
b001-038	batch-001	real	adjacent	27	2	4272	unclear	unclear	א/ע	אין	עין	148	109	1	7	firing-124086-1	גבר אין ג נטלמן רוצה לדבר איתך
b001-039	batch-001	real	adjacent	47	2	3967	in-text	overruled	ב/ו	הבא	הוא	125	164	10	16	firing-248750-10	אם אני אתן למקסוול לצאת מזה אתה לא חושב שהבחור הבא ינסה לעשות את אותו הדבר
b001-040	batch-001	real	adjacent	24	2	3052	unclear	unclear	ח/כ	חל	כל	80	158	4	15	firing-554-4	חל מ ו ם חל לב קל ה ש קבב ם יק ז וקה ינפמ
b001-041	batch-001	real	adjacent	31	2	3944	in-text	overruled	ב/ו	בלהביס	ולהביס	31	49	4	8	firing-87474-4	יש משהו מאוד רומנטי בלהביס את הלא מתים
b001-042	batch-001	real	adjacent	28	2	4547	suggested	agreed	ע/א	עלון	אלון	69	75	10	12	firing-248984-10	היית צריך לראות כמה תשוקה הייתה בו כשהוא ראה את עלון הזין
b001-043	batch-001	real	adjacent	48	2	9782	in-text	overruled	ב/ו	עבד	עוד	111	143	8	12	firing-253375-8	עכשיו לאחר שהוא טעם בשר אדם הכלב יהיה עבד לתאוות הבשר שלו
b001-044	batch-001	real	adjacent	35	2	4054	in-text	overruled	ע/א	לקרוע	לקרוא	91	119	2	5	firing-53596-2	כולנו צריכים לקרוע ת תחת
b001-045	batch-001	real	adjacent	42	2	3171	in-text	overruled	ב/ו	בג	וג	103	110	5	12	firing-182447-5	אתה בטח כל כך גאה בג ואי ובכל מה שקורה בקריירה שלו
b001-046	batch-001	injected	known			2309	in-text	control-miss	ו/ב	ואה	באה	71	114	2	6	injected-81077-2	ג ואנה ואה לכאן אל תדאג
b001-047	batch-001	real	adjacent	26	2	2240	unclear	unclear	א/ע	האול	העול	31	64	3	5	firing-229650-3	אנו מחפשים את האול ספארק
b001-048	batch-001	injected	known			3111	suggested	control-pass	ח/כ	חל	כל	80	158	3	10	injected-94426-3	תשמור לך את חל הזכיות פחות חלקי החילוף שאני צריך
b001-049	batch-001	injected	known			3816	suggested	control-pass	ס/ש	מסנה	משנה	27	127	11	14	injected-84005-11	אני מתכוונת לצוד אותו לא משנה כמה זמן זה ייקח לא מסנה מה המחיר
b001-050	batch-001	real	adjacent	22	2	7270	in-text	overruled	כ/ק	כל	קל	158	121	3	6	firing-95818-3	רב ערך מדי כל השליטה הזו
b001-051	batch-001	real	adjacent	37	2	4280	in-text	overruled	ו/ב	ושנית	בשנית	78	78	9	16	firing-146855-9	קודם כן זה פשע של זעם לא משיכה מינית ושנית את לא דוחה את מאוד יפה
b001-052	batch-001	real	adjacent	23	2	7476	in-text	overruled	א/ע	אלה	עלה	130	108	3	11	firing-110223-3	לאהבה בתנאים שלי אלה התנאים היחידים שכל אחד יודע התנאים שלו
b001-053	batch-001	real	adjacent	21	2	3385	suggested	agreed	ח/כ	חבר	כבר	136	143	2	5	firing-165408-2	תעשה סיבוב חבר תעשה סיבוב
b001-054	batch-001	real	adjacent	21	2	3563	suggested	agreed	ש/ס	שוכני	סוכני	55	85	4	7	firing-13265-4	זה אותו הסיפור עם שוכני מערות אחרים
b001-055	batch-001	real	adjacent	26	2	2258	in-text	overruled	ב/ו	הבא	הוא	125	164	2	6	firing-150259-2	ביום שבת הבא ייערך מצעד הגאווה
b001-056	batch-001	real	adjacent	42	2	3292	in-text	overruled	א/ע	אשרת	עשרת	68	85	2	4	firing-122000-2	תמונה של אשרת הנסיעה
b001-057	batch-001	clean	none			2431	in-text	control-pass	כ/ח	זכה	זחה	92	25	2	4	clean-73039-2	שמעתי שפלנטיין זכה במועמדות
b001-058	batch-001	real	adjacent	22	2	6038	in-text	overruled	ו/ב	מולי	מבלי	103	107	2	4	firing-258807-2	החברה שלו מולי חולה
b001-059	batch-001	real	adjacent	24	2	1588	in-text	overruled	ש/ס	שביר	סביר	72	105	2	4	firing-133194-2	לא הוא שביר מדי
b001-060	batch-001	real	adjacent	26	2	1334	in-text	overruled	ב/ו	בזה	וזה	133	131	3	7	firing-157489-3	עכשיו אני נזכרת בזה וזה כמעט מצחיק
b001-061	batch-001	real	adjacent	41	2	3155	in-text	overruled	ס/ש	החסד	החשד	74	65	4	7	firing-82932-4	אבל הענק לי את החסד הקטן הזה
b001-062	batch-001	real	adjacent	67	2	3705	both-fine	both-fine	ו/ב	הגור	הגבר	71	105	2	4	firing-3161-2	של מי הגור הזה
b001-063	batch-001	real	adjacent	50	1	1296	unclear	unclear	ע/א	לע	לא	85	178	8	11	firing-207021-8	םחל תצק קר םינוונחה תא הריכמ תא אבא לע ורבדי םה
b001-064	batch-001	real	adjacent	23	2	8659	in-text	overruled	א/ע	אבודה	עבודה	86	128	4	6	firing-157641-4	התקווה שהייתה לך בחשאי אבודה עכשיו
b001-065	batch-001	real	adjacent	43	2	16145	both-fine	both-fine	ש/ס	הכשפים	הכספים	63	85	2	4	firing-8810-2	ראינו את הכשפים שלו
b001-066	batch-001	real	adjacent	35	2	22507	in-text	overruled	א/ע	אל	על	148	164	11	13	firing-24621-11	לא לא כדי להגיע לביתו של נד כדאי שתפנה ימינה ותחזור אל הגבעות
b001-067	batch-001	real	adjacent	31	2	5236	in-text	overruled	ב/ו	בצ	וצ	93	91	5	11	firing-190630-5	רבותיי אני יכולה לעניין אתכם בצ יפס צ ילי וחצי המבורגר
b001-068	batch-001	real	adjacent	41	2	10531	unclear	unclear	ע/א	עלו	אלו	92	122	4	6	firing-264594-4	אתה שוכח שלי הן עלו בשלי
b001-069	batch-001	clean	none			2271	in-text	control-pass	ב/ו	חושב	חושו	146	36	1	5	clean-99036-1	הוא חושב לעבור לגור ברומא
b001-070	batch-001	real	adjacent	59	2	5397	unclear	unclear	א/ע	אל	על	148	164	2	10	firing-258287-2	המצאת דמות אל אחת עבורך למה לא להמציא אחת עבורה
b001-071	batch-001	real	adjacent	25	2	5172	unclear	unclear	א/ע	אלי	עלי	121	125	1	6	firing-176608-1	כן אלי טרוג הכדור אצל מאוס
b001-072	batch-001	injected	known			4653	suggested	control-pass	ב/ו	הבא	הוא	125	164	1	7	injected-54734-1	מה הבא יכול לעשות עם חצי חור
b001-073	batch-001	real	adjacent	28	2	5811	in-text	overruled	ו/ב	ואותו	באותו	71	119	3	5	firing-168023-3	אל תששש אותי ואותו לא
b001-074	batch-001	real	adjacent	22	2	6475	in-text	overruled	א/ע	אל	על	148	164	1	11	firing-113740-1	מסעדת אל חרם במזרח התיכון הציגה חוויה קולינרית שהייתה מאוד ייחודית
b001-075	batch-001	injected	known			3492	suggested	control-pass	ש/ס	מיש	מיס	53	112	4	6	injected-120324-4	יש לך סירה עבור מיש דניאלס
b001-076	batch-001	real	adjacent	22	2	2823	in-text	overruled	א/ע	אל	על	148	164	3	5	firing-247916-3	ולנסות ולהיות נחמד אל מלקולם
b001-077	batch-001	real	adjacent	25	2	4335	suggested	agreed	ע/א	עיני	איני	88	116	4	8	firing-115776-4	אינני מוכן לקבל זאת עיני חזיר חתיכת חרה
b001-078	batch-001	clean	none			6530	in-text	control-pass	א/ע	אותו	עותו	153	0	7	15	clean-78757-7	אני תמיד שמח לקבל מעלה בן להחזיר אותו בחוץ מנשק הבנות מה שהופך אותם לבכות
b001-079	batch-001	clean	none			21515	unclear	control-miss	כ/ח	כי	חי	145	118	10	23	clean-98542-10	זה רעיון נפלא זה רעיון נהדר אני כבר מכיר אותו כי אנו צופים בו שנים וזה מחזיר אליי את הפור הייתה לו טרמפולינה
b001-080	batch-001	real	adjacent	25	2	22352	in-text	overruled	ב/ו	בלב	בלו	96	87	6	9	firing-214983-6	לפחות נימוסי הרופא שלך משאירים תקווה בלב ג ק
b001-081	batch-001	real	adjacent	38	2	15677	unclear	unclear	ו/ב	לסוך	לסבך	0	77	6	18	firing-28919-6	באופן רגיל פועלות צינוריות הדמעות כדי לסוך את העין ולהגן עליה כשמתרגשים הן מגיבות באופן מוגזם ויוצרות דמעות
b001-082	batch-001	clean	none			5975	in-text	control-pass	ו/ב	ון	בן	123	134	1	5	clean-47432-1	ג ון קלהון ביקר אותי
b001-083	batch-001	real	adjacent	22	2	6486	unclear	unclear	ב/ו	במצבר	במצור	35	59	3	10	firing-158705-3	האורגים שלו התרבו במצבר של נבנה מחדש בשטחיה של מורדור
b001-084	batch-001	real	adjacent	59	2	7039	in-text	overruled	ט/ת	אוטו	אותו	89	153	8	11	firing-216497-8	הכלב המסכן שלי בטח רץ החוצה ונפגע מאיזה אוטו או משאית
b001-085	batch-001	real	adjacent	24	2	3533	in-text	overruled	ב/ו	המוטבת	המוטות	33	65	6	12	firing-117130-6	לא התכוונתי לספר לך אבל את המוטבת שלי אם יקרה לי משהו
b001-086	batch-001	real	adjacent	42	2	3210	unclear	unclear	ב/ו	לב	לו	126	147	3	7	firing-254469-3	אני לא הורשו לב דבר כזה זמן
b001-087	batch-001	real	adjacent	21	2	3532	unclear	unclear	א/ע	אולי	עולי	145	45	2	8	firing-222275-2	חשבתי על אולי עושה סיור ספר ברחבי הצי
b001-088	batch-001	real	adjacent	52	2	2932	in-text	overruled	ב/ו	באם	ואם	81	123	4	10	firing-140556-4	לא למעשה זה תלוי באם הם יצליחו לשרוד את הלילה
b001-089	batch-001	real	adjacent	47	2	4773	unclear	unclear	א/ע	אל	על	148	164	1	12	firing-267088-1	רובין אל ז אק אני יודע שאהבת אותו אבל חייבים לעצור אותו
b001-090	batch-001	real	adjacent	26	2	4041	unclear	unclear	ו/ב	כדור	כדבר	116	70	4	6	firing-34276-4	אני יודעת איך נשמע כדור שיער
b001-091	batch-001	real	adjacent	34	2	4170	in-text	overruled	ק/כ	עריקת	עריכת	24	63	3	5	firing-124935-3	הוא עודד את עריקת המתיישבים
b001-092	batch-001	real	adjacent	39	2	6693	unclear	unclear	ט/ת	טא	תא	55	107	8	10	firing-195306-8	מס התותח הראשי הוא בחוץ ואני השקנו כל טא אה
b001-093	batch-001	real	adjacent	59	2	1547	unclear	unclear	ב/ו	מב	מו	67	93	2	18	firing-511-2	עמ ש מב הנ שה םל י י ח ומל ענ הל מה ל ש תלב וק מה
b001-094	batch-001	clean	none			3032	in-text	control-pass	ו/ב	הונג	הבנג	82	53	3	5	clean-6884-3	אגדה בכל רחבי הונג קונג
b001-095	batch-001	real	adjacent	34	2	2504	in-text	overruled	ח/כ	חי	כי	118	145	3	6	firing-99350-3	ודאי שמעת שדיקי חי כעת באיטליה
b001-096	batch-001	real	adjacent	29	2	7316	in-text	overruled	ו/ב	וכל	בכל	117	138	7	9	firing-53609-7	הוא אוהב שמסתובבים אצלו אנשים וחוגגים מסיבות וכל העניינים
b001-097	batch-001	real	adjacent	26	2	7325	unclear	unclear	ו/ב	עשו	עשב	112	82	3	13	firing-243916-3	עם יתרון ל עשו חברי פיי לונג הסכם להדחת חברי ז אן הו
b001-098	batch-001	clean	none			1483	in-text	control-pass	ע/א	על	אל	164	148	2	4	clean-80702-2	מי הורה על כך
b001-099	batch-001	real	adjacent	33	2	6514	both-fine	both-fine	ו/ב	ותוך	בתוך	72	122	4	11	firing-256916-4	הכרתי את באדי במכללה ותוך שלושה שבועות הוא בחר עבורי כוכב
b001-100	batch-001	clean	none			3961	in-text	control-pass	ש/ס	של	סל	162	80	10	12	clean-17353-10	אחרי עונת בייס קטבול הרגילה והמעייפת אנחנו חוזרים לחודש התשיעי של הגמר
b002-001	batch-002	clean	none			40083	in-text	control-pass	א/ע	אותי	עותי	151	0	2	19	clean-85358-2	אתה מבין אותי לא אתה צודק אתה צודק בהחלט ממש ברגע זה אני מרגיש את המיצים חוזרים לביצים שלי
b002-002	batch-002	real	adjacent	22	2	2857	suggested	agreed	ח/כ	חבר	כבר	136	143	2	6	firing-251917-2	היא תפוסה חבר היא חייבת לו
b002-003	batch-002	real	adjacent	22	2	6269	in-text	overruled	ו/ב	ועוד	בעוד	109	121	4	16	firing-163884-4	שתברך אותם ותחזק אותם ועוד נבקש אל יקר שתברך גם את אלה שנשארו כאן בקבוצה זו
b002-004	batch-002	real	adjacent	68	2	2605	suggested	agreed	ע/א	נקרע	נקרא	86	109	1	5	firing-205971-1	זה נקרע צמיד האהבה נכון
b002-005	batch-002	real	adjacent	21	2	10026	in-text	overruled	ע/א	עליה	אליה	122	114	2	6	firing-213145-2	אם אגן עליה אז היא שלי
b002-006	batch-002	injected	known			21861	suggested	control-pass	ס/ש	סל	של	80	162	5	9	injected-58646-5	אני לא יכולה להכנס לבתים סל אנשים ולהרוג אותם
b002-007	batch-002	real	adjacent	26	2	2431	in-text	overruled	א/ע	אליי	עליי	124	131	2	9	firing-211215-2	אל תתקרבי אליי מפני שאני לא רוצה לפגוע בך
b002-008	batch-002	real	adjacent	30	2	3782	in-text	overruled	כ/ח	מתכת	מתחת	91	118	5	7	firing-205660-5	המפקח טאו ארסן זה לא מתכת כבדה
b002-009	batch-002	clean	none			2425	in-text	control-pass	א/ע	אתה	עתה	169	105	1	5	clean-74592-1	מה אתה עושה כאן בכלל
b002-010	batch-002	real	adjacent	29	2	4735	both-fine	both-fine	ש/ס	השידור	הסידור	85	69	7	9	firing-212903-7	ריד אני יודע מה טום חושב על השידור הזה
b002-011	batch-002	real	adjacent	31	2	5816	unclear	unclear	ע/א	עשר	אשר	114	115	11	13	firing-44932-11	אל תתבייש אתה יודע הייתי רעב פעם ראיתי איש עשיר איש עשר שקינאתי
b002-012	batch-002	real	adjacent	90	2	5292	unclear	unclear	ס/ש	לסחרר	לשחרר	41	106	1	4	firing-52561-1	כדי לסחרר אותי כמוך
b002-013	batch-002	real	adjacent	36	2	3747	in-text	overruled	א/ע	אם	עם	157	157	3	9	firing-91189-3	אולי תחשוב פעמיים אם להיכנס לתא עם הבחור הזה
b002-014	batch-002	clean	none			2822	in-text	control-pass	ו/ב	רוצה	רבצה	155	29	1	5	clean-51312-1	אני רוצה לדבר על זה
b002-015	batch-002	clean	none			10357	in-text	control-pass	ו/ב	יותר	יבתר	152	27	3	6	clean-80895-3	אני תמיד הגעתי יותר עמוק ממנו
b002-016	batch-002	real	adjacent	90	2	5735	in-text	overruled	ס/ש	סם	שם	108	146	5	13	firing-194034-5	תגיד לי היא אמרה באיזה סם היא השתמשה על מנת להצית את עצמה
b002-017	batch-002	real	adjacent	60	2	7135	unclear	unclear	ב/ו	הקבל	הקול	48	105	8	10	firing-94852-8	הם אמרו שבחורה בהריון שעושה סקי תהפוך את הקבל לעצבני
b002-018	batch-002	injected	known			1966	suggested	control-pass	ת/ט	תוב	טוב	24	156	3	7	injected-13169-3	אני לא מרגיש תוב אני ממש בלחץ
b002-019	batch-002	real	adjacent	40	2	6782	unclear	unclear	ט/ת	החוטם	החותם	50	75	6	11	firing-235722-6	כי הלהב בחזית מזכיר לי את החוטם הצופר הגדול שלך יקירה
b002-020	batch-002	clean	none			3134	in-text	control-pass	א/ע	פאר	פער	73	72	2	6	clean-58004-2	זו דירת פאר בת שמונה חדרים
b002-021	batch-002	clean	none			8154	in-text	control-pass	כ/ק	הכוס	הקוס	92	31	2	7	clean-78180-2	כשאתה צעיר הכוס קטנה וקל למלא אותה
b002-022	batch-002	real	adjacent	25	2	15181	in-text	overruled	ע/א	עם	אם	157	157	5	20	firing-80499-5	תגידי לו שחתימה על החוק עם הכרייה לא תחסום יחצ נות שתהלל תיקונים בבנקאות וגם תוקיע את תרמית חוגי הכרייה
b002-023	batch-002	real	adjacent	26	2	7129	suggested	agreed	ו/ב	וצ	בצ	91	93	7	17	firing-177610-7	בגלל שאני יכול לחשב כל חשבון קבלה וצ ק בצורה משעממת מס הכנסה תמיד מוזמן אלי הביתה
b002-024	batch-002	clean	none			1491	in-text	control-pass	ט/ת	טוב	תוב	156	24	6	8	clean-62559-6	הם לא מכירים זה את זה טוב כמונו
b002-025	batch-002	real	adjacent	69	1	1921	in-text	overruled	ע/א	העם	האם	95	144	1	7	firing-20795-1	שמפשוטי העם אני או כי אני המתחרה
b002-026	batch-002	injected	known			2060	suggested	control-pass	ת/ט	מתר	מטר	22	105	6	8	injected-102967-6	יש לי גבר שהוא יותר משני מתר גובה
b002-027	batch-002	real	adjacent	43	2	7201	unclear	unclear	ו/ב	וחלק	בחלק	86	98	5	7	firing-194884-5	הם עברו את חי ר וחלק של
b002-028	batch-002	real	adjacent	24	2	5352	suggested	agreed	ט/ת	משחיט	משחית	27	61	11	14	firing-90325-11	הסרט ישבנים שרופים דורג כמספר אחד בשוברי הקופות אבל הסרט הזה משחיט את הנוער
b002-029	batch-002	clean	none			6016	in-text	control-pass	ב/ו	בזכות	וזכות	95	52	8	12	clean-186-8	מבחינה מסוימת אתה גיבור מבחינה מסוימת אתה גיבור בזכות בריחתך מהג ונגל
b002-030	batch-002	real	adjacent	30	2	4000	in-text	overruled	ח/כ	החי	הכי	79	132	1	10	firing-201245-1	הגבר החי הראשון מזה שנה ואני הוצאתי אותו מכלל פעולה
b002-031	batch-002	injected	known			25819	suggested	control-pass	ת/ט	תוב	טוב	24	156	9	12	injected-53747-9	אתה תשמש בתפקיד עד שתמות או שאמצא מישהו יותר תוב תודה המפקד
b002-032	batch-002	real	adjacent	49	2	2689	in-text	overruled	ו/ב	לחור	לחבר	81	106	1	4	firing-12152-1	תיכנסי לחור שלך כלבה
b002-033	batch-002	real	adjacent	44	2	5662	suggested	agreed	ו/ב	ובית	בבית	78	133	5	9	firing-168903-5	יאנוס קורצ אק בית ספר ובית יתומים בגטו וורשה
b002-034	batch-002	real	adjacent	37	2	3849	suggested	agreed	ב/ו	מבותרים	מוותרים	30	78	14	20	firing-33627-14	כן ואם אתם לא תצאו משם לפני שמישהו יתפוס אותכם אנחנו נמצא את עצמנו מבותרים על כל רחבי העולם קדימה
b002-035	batch-002	clean	none			6192	in-text	control-pass	ס/ש	ספר	שפר	123	64	10	17	clean-91849-10	ירית בו או משהו לא עוד לא הוא הבריז מבית ספר כשהלכתי הביתה לבדוק מישהו היה שם
b002-036	batch-002	real	adjacent	38	2	3088	in-text	overruled	ס/ש	המסטר	המשטר	54	65	6	15	firing-19976-6	זה בלתי נמנע שהתלמידים יתעלו על המסטר זה הגורל בני אנוש לא יכולים להתנגד לו
b002-037	batch-002	clean	none			1909	in-text	control-pass	ב/ו	בפנקס	ופנקס	61	37	2	6	clean-57131-2	נאלצתי להשתמש בפנקס הצ קים שלי
b002-038	batch-002	real	adjacent	54	2	3728	in-text	overruled	ו/ב	ויום	ביום	88	122	2	9	firing-200301-2	מי יתן ויום זה יזכר כיומו של פלאש גורדון
b002-039	batch-002	real	adjacent	27	2	9240	unclear	unclear	ו/ב	ואת	באת	129	108	12	14	firing-266737-12	ידעתי שיהיה קשה לך שהוא פה אבל אני אוהב אותך כל כך ואת רומן
b002-040	batch-002	real	adjacent	37	2	28719	unclear	unclear	ו/ב	וואו	בואו	124	133	2	8	firing-235588-2	שף מפורסם וואו הנה נסי חלה ביתית אחת
b002-041	batch-002	real	adjacent	40	2	4256	in-text	overruled	ט/ת	מט	מת	71	131	9	11	firing-21219-9	ברינקלי הוא תפסן מעולה וכבר הציעו לו מבחן ב מט ס
b002-042	batch-002	real	adjacent	26	2	3430	in-text	overruled	א/ע	אל	על	148	164	4	6	firing-151792-4	פקסס עותק של הצו אל הפקיד
b002-043	batch-002	repeat:batch-001	adjacent	33	2	3998	both-fine	both-fine	ו/ב	ותוך	בתוך	72	122	4	11	firing-256916-4	הכרתי את באדי במכללה ותוך שלושה שבועות הוא בחר עבורי כוכב
b002-044	batch-002	clean	none			4636	in-text	control-pass	ס/ש	סרט	שרט	109	63	5	8	clean-81960-5	והוא מתכוון לזה בקפדנות של סרט ללא פושעים
b002-045	batch-002	repeat:batch-001	adjacent	34	2	2841	in-text	overruled	ק/כ	עריקת	עריכת	24	63	3	5	firing-124935-3	הוא עודד את עריקת המתיישבים
b002-046	batch-002	real	adjacent	21	2	1945	unclear	unclear	ש/ס	שה	סה	86	77	8	16	firing-64573-8	שו דו שו דו שו דו שו דו שה לה לה לה לה לה לה הא
b002-047	batch-002	real	adjacent	21	2	7033	in-text	overruled	ו/ב	ואנשים	באנשים	92	99	2	12	firing-97387-2	אני מסכים ואנשים צעירים ותמימים צריכים להודות על מזלם להיות אסירי תודה
b002-048	batch-002	real	adjacent	30	2	7683	unclear	unclear	א/ע	אל	על	148	164	2	10	firing-138128-2	מתוך אנשי אל למה יש לך לזיין את הבחורה הזאת
b002-049	batch-002	real	adjacent	39	2	2644	in-text	overruled	כ/ק	נכה	נקה	85	79	6	9	firing-263557-6	היי ווילסון אני הולך להוציא לאיזה נכה את העין
b002-050	batch-002	clean	none			3561	both-fine	control-pass	ט/ת	אנטוני	אנתוני	79	91	2	4	clean-64309-2	היי שמי אנטוני היידן
b002-051	batch-002	real	adjacent	22	2	3503	in-text	overruled	ק/כ	קי	כי	105	145	1	7	firing-12668-1	תחב קי אותי כאילו את באמת שמחה
b002-052	batch-002	real	adjacent	29	2	2673	in-text	overruled	ש/ס	השמים	הסמים	87	100	2	4	firing-104263-2	הארץ עם השמים הגדולים
b002-053	batch-002	real	adjacent	22	2	3514	suggested	agreed	ב/ו	באז	ואז	86	135	1	5	firing-86646-1	לא באז תחשוב על זה
b002-054	batch-002	real	adjacent	22	2	3796	in-text	overruled	ו/ב	והתנהגות	בהתנהגות	59	73	10	13	firing-188523-10	עכשיו יש לנו נשק אוטומטי מחסן מלא די וי די והתנהגות בלתי נאותה
b002-055	batch-002	real	adjacent	34	2	2302	in-text	overruled	ש/ס	שפרד	ספרד	94	80	3	5	firing-228801-3	את מדברת על שפרד וסלואן
b002-056	batch-002	real	adjacent	27	2	6757	unclear	unclear	ח/כ	חי	כי	118	145	5	14	firing-26907-5	אמא צ נדלר שונא את חי ההודיה והוא לא אוכל אף מאכל של החג
b002-057	batch-002	real	adjacent	41	2	2986	suggested	agreed	ש/ס	תפשתי	תפסתי	49	106	1	7	firing-17244-1	כמעת תפשתי אותו אבל זזו לי המשקפיים
b002-058	batch-002	injected	known			5198	suggested	control-pass	כ/ק	רכ	רק	40	153	7	9	injected-28829-7	הא הא אין לי בעיה עם זה רכ ש
b002-059	batch-002	real	adjacent	52	2	10010	in-text	overruled	ב/ו	עברך	עורך	64	110	6	15	firing-129511-6	לא קשור לטיסה אבל בהסתמך על עברך הצבאי לקרן שלי יש משרות פנויות במחלקת אבטחה
b002-060	batch-002	real	adjacent	21	2	4339	in-text	overruled	ק/כ	בק	בכ	85	66	4	7	firing-42951-4	שים לב הראות פוחתת בק מ האחרון
b002-061	batch-002	real	adjacent	47	2	6039	in-text	overruled	ב/ו	הבא	הוא	125	164	2	4	firing-178250-2	נעבור לתיק הבא ד
b002-062	batch-002	real	adjacent	25	2	5768	unclear	unclear	ס/ש	המסיכה	המשיכה	74	89	3	5	firing-109665-3	עשרים וחמישה על המסיכה סליחה
b002-063	batch-002	real	adjacent	34	2	9013	suggested	agreed	ו/ב	וביהמ	בביהמ	25	63	3	15	firing-188009-3	רידנשניידר חזר הביתה וביהמ ש מינה לי את לויד גארווי שהותיר אותי לחסדי בית המשפט
b002-064	batch-002	real	adjacent	29	2	3227	in-text	overruled	ב/ו	בלענות	ולענות	38	62	2	6	firing-250335-2	הקמפיין שלך בלענות על שאלות על
b002-065	batch-002	real	adjacent	40	2	6740	unclear	unclear	ע/א	עלה	אלה	108	130	7	11	firing-211188-7	עצום את עיניך תינוקות בעריסה סופרות כבשים עלה את בית החלומות
b002-066	batch-002	real	adjacent	34	2	7375	in-text	overruled	ט/ת	נפטר	נפתר	96	70	3	5	firing-82223-3	למה אתה לא נפטר מהם
b002-067	batch-002	real	adjacent	33	2	25975	in-text	overruled	ח/כ	החומר	הכומר	102	98	5	11	firing-37709-5	ואני אומר אם זה היה החומר הפרטי שלה שאתו היא מתמסטלת
b002-068	batch-002	real	adjacent	31	2	4480	in-text	overruled	א/ע	באולם	בעולם	90	121	4	9	firing-180858-4	האקוסטיקה שם דומה לאקוסטיקה באולם ו תראו מי הופיעה
b002-069	batch-002	real	adjacent	30	2	9400	unclear	unclear	כ/ח	כבר	חבר	143	136	3	8	firing-20516-3	אבנים יקרות כמו כבר מכרתי תכשיטים לחנויות יוקרה
b002-070	batch-002	repeat:batch-001	adjacent	25	2	2508	in-text	overruled	ש/ס	שקי	סקי	73	84	9	23	firing-221784-9	אבא ודאי לא שם לב שפרקתי ק ג של שקי קמח כי הוא עדיין לא יכול להרימם ולכן אין לאמא זמן לשבת ולקשקש
b002-071	batch-002	real	adjacent	21	2	2443	in-text	overruled	ט/ת	אמט	אמת	81	107	2	4	firing-106440-2	פגשתי את אמט בשיקגו
b002-072	batch-002	real	adjacent	58	2	2568	in-text	overruled	ו/ב	וחיים	בחיים	71	126	4	6	firing-48680-4	הם פשוט אמיתיים יותר וחיים יותר
b002-073	batch-002	real	adjacent	33	2	4615	in-text	overruled	ס/ש	ההסוואה	ההשוואה	67	56	2	10	firing-18620-2	תבטל את ההסוואה של ספינת ההדמיה ותפעיל את קרן הגרירה
b002-074	batch-002	real	adjacent	32	2	11807	in-text	overruled	ע/א	ועף	ואף	51	104	5	18	firing-156542-5	עוזב את הגלגל של ב ועף אל הגלגל של אופניים א קדימה ואחורה עד ששני זוגות האופניים מתנגשים
b002-075	batch-002	real	adjacent	27	2	3341	both-fine	both-fine	ט/ת	אנטוני	אנתוני	79	91	11	13	firing-220424-11	הרשה לי להציג את בת חסותי העלמה קתרין ברוק זהו סר אנטוני נייברט
b002-076	batch-002	real	adjacent	32	2	3345	in-text	overruled	א/ע	אלה	עלה	130	108	5	13	firing-76121-5	אבל אם נסכים לקרב הזה אלה שישרדו בו יראו את צלקותיהם בגאווה ויאמרו
b002-077	batch-002	real	adjacent	59	2	2497	in-text	overruled	ס/ש	סולח	שולח	84	101	4	12	firing-239706-4	אבי לעולם לא היה סולח לי אם לא הייתי מציגה את עצמי
b002-078	batch-002	clean	none			1632	in-text	control-pass	כ/ח	יכול	יחול	153	55	3	7	clean-95542-3	אני חושב שאני יכול לחתום על זה
b002-079	batch-002	real	adjacent	35	2	2745	in-text	overruled	ח/כ	חובשים	כובשים	70	58	1	19	firing-70054-1	כשהם חובשים את כובע הטלה הפרסי רובם אפילו אינם יודעים שהם לובשים עור של צאצא כדי לחמם את עצמם
b002-080	batch-002	real	adjacent	25	2	716	both-fine	both-fine	א/ע	להאריך	להעריך	75	91	3	5	firing-241596-3	שהיום אנחנו יכולים להאריך חיים
b002-081	batch-002	real	adjacent	39	2	6469	in-text	overruled	ב/ו	בג	וג	103	110	4	6	firing-142449-4	אנחנו לא יכולות לבטוח בג ונתן
b002-082	batch-002	real	adjacent	24	2	8167	in-text	overruled	ק/כ	קבר	כבר	85	143	7	10	firing-154472-7	לא יכולתי לצאת לראפטינג כי הוא בדיוק קבר ילדה שטבעה
b002-083	batch-002	real	adjacent	31	2	4685	in-text	overruled	א/ע	אם	עם	157	157	14	18	firing-155171-14	אני רק אומר שאם החתול הזה באמת תקף אותך יש פחות סיכויים שהוא יחזור אם שתיכן תהיו יחד
b002-084	batch-002	real	adjacent	39	2	5559	suggested	agreed	ק/כ	במק	במכ	51	56	17	19	firing-197915-17	מה אפשר לעשות עם בחור כזה הוא טס כל כך מהר והכל אי אפשר אפילו לעקוב אחריו במק ם
b002-085	batch-002	real	adjacent	27	2	3747	in-text	overruled	ע/א	לעור	לאור	78	101	10	12	firing-131599-10	כנראה שאתה לא יכול להכיר מישהו באמת עד ש נכנסת לעור שלו
b002-086	batch-002	real	adjacent	45	2	4307	in-text	overruled	ת/ט	השתן	השטן	83	102	9	11	firing-217873-9	אל תחשבי שהוא שלך רק מכיוון שסימנת אותו עם השתן שלך
b002-087	batch-002	real	adjacent	22	2	6234	in-text	overruled	ו/ב	ושל	בשל	95	97	14	16	firing-77871-14	עכשיו במאמץ לשפר את כל זה הכנסיה החליטה שהשנה זה הזמן להתחדשות של אמונה ושל סגנון
b002-088	batch-002	repeat:batch-001	adjacent	50	1	2322	unclear	unclear	ע/א	לע	לא	85	178	8	11	firing-207021-8	םחל תצק קר םינוונחה תא הריכמ תא אבא לע ורבדי םה
b002-089	batch-002	injected	known			4342	suggested	control-pass	ע/א	היע	היא	22	157	10	12	injected-89257-10	אנשים ווילו עדיין שם בחוץ והיא כנראה לא יודעת מה היע עושה
b002-090	batch-002	real	adjacent	35	2	4226	in-text	overruled	ס/ש	בסירה	בשירה	86	66	1	5	firing-94772-1	הייתי בסירה של נג ריאן
b002-091	batch-002	clean	none			6627	in-text	control-pass	א/ע	לא	לע	178	85	5	8	clean-11247-5	הוא לא אוהב ג וש לא אני לא
b002-092	batch-002	clean	none			4049	in-text	control-pass	ש/ס	שאני	סאני	150	83	7	9	clean-97866-7	אבל אני לא יכול שלא להרגיש כמו שאני מרגיש
b002-093	batch-002	real	adjacent	29	2	3041	in-text	overruled	ע/א	ער	אר	100	89	4	6	firing-104645-4	ג נט קיוויתי שאת ער ה
b002-094	batch-002	injected	known			433	suggested	control-pass	ע/א	לע	לא	85	178	2	8	injected-97275-2	שמע לי לע סוחבים קרון מאחורי מכסחת נוסעת
b002-095	batch-002	injected	known			2820	suggested	control-pass	כ/ח	אכד	אחד	21	149	2	6	injected-109379-2	ותזכרו אף אכד לא נוגע בפאזי
b002-096	batch-002	real	adjacent	33	2	3698	suggested	agreed	א/ע	ארב	ערב	64	123	3	7	firing-135153-3	מה דעתכם על ארב אלפרט וטיחואנה בראס
b002-097	batch-002	real	adjacent	22	2	2568	in-text	overruled	ב/ו	בלראות	ולראות	55	98	3	6	firing-70207-3	אני לא מעוניין בלראות אותם מתים
b002-098	batch-002	real	adjacent	57	2	3832	suggested	agreed	ח/כ	מחסה	מכסה	93	92	1	6	firing-80369-1	הפיצוץ מחסה את הגניבה של הפלוטוניום
b002-099	batch-002	real	adjacent	68	2	3824	in-text	overruled	ב/ו	הבא	הוא	125	164	1	12	firing-87060-1	והפריט הבא מספר הוא מנורת סטיקלי והמכרז יחל ב דולר עכשיו עכשיו
b002-100	batch-002	real	adjacent	53	2	5373	in-text	overruled	ב/ו	לב	לו	126	147	5	12	firing-134424-5	אין לך שום דמיון שום לב שום ביצים אין לך כלום שם
b002-101	batch-002	real	adjacent	26	2	10198	in-text	overruled	ב/ו	בזה	וזה	133	131	3	10	firing-197719-3	ואז החזרת לו בזה שהתחתנת אתי והתחלת לשתות איזו נקמה
b002-102	batch-002	repeat:batch-001	adjacent	47	2	5600	in-text	overruled	ב/ו	הבא	הוא	125	164	10	16	firing-248750-10	אם אני אתן למקסוול לצאת מזה אתה לא חושב שהבחור הבא ינסה לעשות את אותו הדבר
b002-103	batch-002	clean	none			3062	in-text	control-pass	ס/ש	נוסף	נושף	116	80	5	9	clean-81281-5	אני אלך ואדאג שתקבל עותק נוסף מהמזכר ההוא אוקי
b002-104	batch-002	clean	none			3878	in-text	control-pass	ו/ב	ואני	באני	144	77	5	8	clean-89817-5	רבנו כל הזמן מרי אן ואני ואביה החורג
b002-105	batch-002	injected	known			3043	suggested	control-pass	א/ע	אוזרת	עוזרת	30	100	4	6	injected-57579-4	את בנה החורג ואת אוזרת הבית
b002-106	batch-002	real	adjacent	30	2	6914	unclear	unclear	ט/ת	מוטו	מותו	72	100	1	16	firing-221975-1	שבט מוטו זכה במחנה מפואר יחד עם מחסה נרחב שהיה עמוס באוכל אספקה וכלים לשם נוחיות
b002-107	batch-002	real	adjacent	47	2	3653	suggested	agreed	ח/כ	יחל	יכל	65	102	1	6	firing-229936-1	הוא יחל לספור אם לא תפתח
b002-108	batch-002	real	adjacent	39	2	2470	suggested	agreed	כ/ק	כריש	קריש	86	72	2	5	firing-227482-2	היה לי כריש דם במוח
b002-109	batch-002	real	adjacent	29	2	4373	in-text	overruled	א/ע	אל	על	148	164	5	14	firing-194709-5	לכן רק שירו שיר לשלום אל תלחשו תפילה מוטב תשירו שיר לשלום בצעקה גדולה
b002-110	batch-002	real	adjacent	22	2	2034	in-text	overruled	ת/ט	שתף	שטף	63	73	1	4	firing-9433-1	בהחלט שתף את כולנו
b002-111	batch-002	real	adjacent	56	2	6777	unclear	unclear	כ/ח	לכו	לחו	110	68	3	6	firing-7792-3	הוא קפץ ל לכו ל זוז
b002-112	batch-002	real	adjacent	25	2	4517	in-text	overruled	א/ע	אם	עם	157	157	12	16	firing-257325-12	אני חושש שאין הרבה כמרים באזור זה של החלל או בכל אזור אם להגיד את האמת
b002-113	batch-002	injected	known			2658	suggested	control-pass	ס/ש	יס	יש	78	158	1	10	injected-2847-1	האם יס משהו שאתה מבקש לומר לבית המשפט מר וולגרשריף
b002-114	batch-002	real	adjacent	26	2	4230	in-text	overruled	ב/ו	הברה	הורה	65	95	5	16	firing-129569-5	ובכן אולי לא אמרתי כל הברה קטנה וזעירה לא אבל באופן בסיסי אמרתי כן באופן בסיסי
b002-115	batch-002	repeat:batch-001	adjacent	43	2	3450	both-fine	both-fine	ש/ס	הכשפים	הכספים	63	85	2	4	firing-8810-2	ראינו את הכשפים שלו
b002-116	batch-002	real	adjacent	40	2	7080	in-text	overruled	ש/ס	שיבת	סיבת	41	87	6	15	firing-242096-6	עם זאת הם לא חגגו את שיבת השמש לחיים עד לשוויון האביב או חג הפסחא
b002-117	batch-002	real	adjacent	32	2	4200	in-text	overruled	ע/א	עין	אין	109	148	3	5	firing-119738-3	לך אני ישים עין עליו
b002-118	batch-002	real	adjacent	49	2	4130	in-text	overruled	ב/ו	הבא	הוא	125	164	3	7	firing-156247-3	מי יהיה המוביל הבא בקרב האיינשטיין הבא
b002-119	batch-002	real	adjacent	30	2	2572	in-text	overruled	ט/ת	הביטי	הביתי	89	71	3	6	firing-104082-3	לה לה לה הביטי על ראשי
b002-120	batch-002	real	adjacent	25	2	2171	in-text	overruled	ח/כ	תחבוש	תכבוש	61	52	2	5	firing-172423-2	אמרתי לך תחבוש את הכובע
b002-121	batch-002	real	adjacent	27	2	7583	in-text	overruled	א/ע	ההאפלה	ההעפלה	46	24	4	7	firing-53478-4	זה גרם ב את ההאפלה בניו יורק
b002-122	batch-002	real	adjacent	23	2	3910	in-text	overruled	ו/ב	קרון	קרבן	75	81	2	4	firing-136628-2	תפתח את קרון המטען
b002-123	batch-002	real	adjacent	22	2	2487	in-text	overruled	ח/כ	חלום	כלום	106	132	5	16	firing-210632-5	האם אי פעם היה לכם חלום שנראה כל כך אמיתי עד שכשהתעוררתם לא ידעתם למה להאמין
b002-124	batch-002	real	adjacent	24	2	4647	suggested	agreed	ש/ס	משופר	מסופר	60	65	1	6	firing-48611-1	זה משופר טורבו גנרטור בתדירות נמוכה
b002-125	batch-002	real	adjacent	23	2	10228	suggested	agreed	ב/ו	דבר	דור	143	83	5	8	firing-104158-5	מה עוד יש לי לעזאזל דבר שיקר לי
b002-126	batch-002	real	adjacent	37	2	4104	in-text	overruled	ב/ו	לב	לו	126	147	3	12	firing-156741-3	אנחנו שורפים בפעימות לב דברים גדולים באים במחיר גדול מר פאצ ר
b002-127	batch-002	real	adjacent	42	2	2439	in-text	overruled	ע/א	שעם	שאם	85	117	3	13	firing-183469-3	כן נראה לי שעם קצת יין אדום אפשר יהיה את נראית ממש נחמדה
b002-128	batch-002	real	adjacent	21	2	6148	in-text	overruled	ש/ס	שר	סר	100	97	3	9	firing-80535-3	תסתכלו יש לי שר חקלאות שבחיים לא אכל ירק
b002-129	batch-002	real	adjacent	23	2	4057	in-text	overruled	ב/ו	בכאב	וכאב	80	69	4	7	firing-146496-4	האם התנסת אי פעם בכאב ראש מיידי
b002-130	batch-002	real	adjacent	22	2	2463	suggested	agreed	כ/ח	הבריכה	הבריחה	89	83	1	4	firing-39507-1	בעיות הבריכה שלי נפתרו
b002-131	batch-002	real	adjacent	54	2	1419	both-fine	both-fine	ש/ס	כשפי	כספי	60	92	4	8	firing-237628-4	הן אמורות לשמור את כשפי הרוע בפנים נכון
b002-132	batch-002	real	adjacent	24	2	2610	unclear	unclear	ש/ס	בוש	בוס	86	108	1	5	firing-126041-1	זה בוש צ אס שוגרבוש
b002-133	batch-002	injected	known			3463	suggested	control-pass	ב/ו	לב	לו	126	147	2	4	injected-10500-2	אז תן לב לחתום
b002-134	batch-002	real	adjacent	35	2	7783	suggested	agreed	א/ע	אין	עין	148	109	6	8	firing-92106-6	השנאה מתפוגגת האהבה אינה אלא תשוקה אין תחת
b002-135	batch-002	injected	known			3484	suggested	control-pass	ס/ש	אנסים	אנשים	63	138	6	8	injected-14679-6	היה מלון נחמד חוף נחמד פגשתי אנסים נחמדים
b002-136	batch-002	real	adjacent	58	2	9365	in-text	overruled	ו/ב	וכל	בכל	117	138	4	7	firing-256967-4	תודה על אתמול בערב וכל הקשור באימא
b002-137	batch-002	real	adjacent	40	2	5947	in-text	overruled	ע/א	רעה	ראה	104	117	3	6	firing-130590-3	זאת הייתה הצהרה רעה מה שהצהרת
b002-138	batch-002	clean	none			6979	unclear	control-miss	ס/ש	מסחר	משחר	78	60	4	11	clean-23567-4	שמו סטיבן והוא מתווך מסחר ואנו גרים בדירה נהדרת במרכז העיר
b002-139	batch-002	real	adjacent	32	2	4386	both-fine	both-fine	ו/ב	ויתרון	ביתרון	38	69	2	5	firing-62246-2	אצטרך לוחמים ויתרון של דקות
b002-140	batch-002	real	adjacent	98	2	4670	both-fine	both-fine	ש/ס	שימן	סימן	46	110	1	7	firing-138287-1	הוא שימן את זה או משהו כזה
b002-141	batch-002	real	adjacent	49	2	3431	suggested	agreed	ע/א	לעזעזל	לעזאזל	84	139	1	9	firing-92498-1	לך לעזעזל מני איך יכלת לעשות לי את זה
b002-142	batch-002	injected	known			5919	suggested	control-pass	ק/כ	מקן	מכן	47	114	4	13	injected-41648-4	ואני רואה לצערי שכמה מקן לא נועלת אותן אבל חלק מכן נועלות אותן
b002-143	batch-002	real	adjacent	21	2	2800	suggested	agreed	ת/ט	תכנית	טכנית	106	97	3	6	firing-3363-3	הוא אמר שזו תכנית על כלום
b002-144	batch-002	real	adjacent	47	2	4025	in-text	overruled	א/ע	אם	עם	157	157	2	7	firing-95713-2	תקשיב טי אם הקול שלי שווה משהו
b002-145	batch-002	real	adjacent	34	2	6531	unclear	unclear	ע/א	עלא	אלא	48	123	3	8	firing-138704-3	דהרמה אתה ב עלא לאחרונה עם אמא שלי
b002-146	batch-002	real	adjacent	26	2	6071	in-text	overruled	ח/כ	חלל	כלל	96	116	4	14	firing-248606-4	אנו עלולים ליפול מהעל חלל לפני הזמן ולהתקע בחלל הרחוק או להתאייד ברגע ש
b002-147	batch-002	real	adjacent	21	2	9129	unclear	unclear	ס/ש	סתום	שתום	102	51	4	6	firing-86925-4	אני יעצור אותך ברט סתום העין
b002-148	batch-002	repeat:batch-001	adjacent	28	2	2664	in-text	overruled	ע/א	עליך	אליך	128	124	4	8	firing-230436-4	קנדל אני חושב שעובר עליך עוד יום רע
b002-149	batch-002	real	adjacent	51	2	3048	in-text	overruled	ע/א	נקרעה	נקראה	64	67	1	9	firing-109398-1	היא נקרעה לגזרים היא מתה מלב שבור הו טוב
b002-150	batch-002	real	adjacent	31	2	6928	both-fine	both-fine	ס/ש	לספל	לשפל	48	66	2	5	firing-170096-2	את זקוקה לספל של אומץ
b002-151	batch-002	injected	known			3495	suggested	control-pass	כ/ח	כן	חן	162	111	3	5	injected-70396-3	אולי הרעיון מוצא כן בעיניו
b002-152	batch-002	real	adjacent	27	2	7292	in-text	overruled	ט/ת	ישוט	ישות	25	72	1	10	firing-198219-1	הוא ישוט ליאדו בספינת העבדים כך שהוא יהיה שם כשתגיע
b002-153	batch-002	real	adjacent	26	2	2965	in-text	overruled	ע/א	וקרע	וקרא	53	69	7	11	firing-253189-7	הוא התקיף את הילד ממש מול עיננו וקרע את החולצה שלו
b002-154	batch-002	clean	none			1049	in-text	control-pass	ע/א	עוד	אוד	143	61	3	5	clean-96221-3	הוא לא יעבוד עוד לעולם
b002-155	batch-002	real	adjacent	26	2	4929	unclear	unclear	א/ע	האול	העול	31	64	3	11	firing-229788-3	תן לי את האול ספארק ואולי תזכה לחיות כחיית המחמד שלי
b002-156	batch-002	repeat:batch-001	adjacent	35	2	4490	in-text	overruled	ס/ש	מאסר	מאשר	90	118	14	18	firing-61713-14	כך שתסתכלו על הכל ותהיו צמודים למכשירי הקשר אם תמצאו משהוא תודיעו אני רוצה מאסר לא קרב יריות
b002-157	batch-002	injected	known			11403	suggested	control-pass	ב/ו	היב	היו	30	137	5	12	injected-44050-5	כל פעם שהתבצע שוד גדול היב חוקרים אותו ולא מוצאים שום דבר
b002-158	batch-002	repeat:batch-001	adjacent	35	2	2733	in-text	overruled	ע/א	לקרוע	לקרוא	91	119	2	5	firing-53596-2	כולנו צריכים לקרוע ת תחת
b002-159	batch-002	real	adjacent	28	2	2891	in-text	overruled	ס/ש	סולח	שולח	84	101	5	11	firing-22839-5	הוא גם אף פעם לא סולח לכל מי שעשה לו עוול
b002-160	batch-002	injected	known			1400	suggested	control-pass	ע/א	עני	אני	88	177	2	4	injected-113028-2	זה למה עני פה
b002-161	batch-002	injected	known			3836	suggested	control-pass	ב/ו	בכוס	וכוס	80	68	10	13	injected-51521-10	אתה יודע ממש ממש מתאים לי עכשיו איזה מציצה טובה בכוס קפה חם
b002-162	batch-002	injected	known			3547	suggested	control-pass	ו/ב	לון	לבן	68	113	4	7	injected-128601-4	את מתארת צעיף משי לון בספר שלך
b002-163	batch-002	real	adjacent	23	2	6158	in-text	overruled	ו/ב	ומשהו	במשהו	85	106	9	13	firing-102306-9	אבל תראה יש ארבעה בנים לאקי בקוסטה מסה לבד ומשהו כמו במחוז אורנג
b002-164	batch-002	real	adjacent	23	2	5820	suggested	agreed	א/ע	אוצר	עוצר	88	97	12	16	firing-110670-12	אני לא צריך להיות כאן אתה כאן ד ר וורן כי אתה אוצר מוזיאון ת ורן
b002-165	batch-002	real	adjacent	22	2	10496	in-text	overruled	ו/ב	ולרדוף	בלרדוף	54	46	10	14	firing-93358-10	אמא אני איש מאוד עסוק אין לי זמן לעזור לזה ולרדוף אחרי תביעות מגוכחות
b002-166	batch-002	injected	known			3616	suggested	control-pass	ע/א	לע	לא	85	178	4	7	injected-109377-4	אתה רופא הומר אתה לע מסריח מאתר
b002-167	batch-002	real	adjacent	43	2	1413	in-text	overruled	א/ע	אל	על	148	164	2	5	firing-67563-2	האם תדבר אל הוד מלכותו
b002-168	batch-002	injected	known			2890	suggested	control-pass	ב/ו	רבצה	רוצה	29	155	7	15	injected-104212-7	אני אישה עצמאית ששמה שפתון בגלל שאני רבצה לא בגלל שגברים חושבים שזה מושך יותר
b002-169	batch-002	real	adjacent	33	2	3253	in-text	overruled	ו/ב	וכל	בכל	117	138	5	10	firing-63832-5	גל הלם מחסל מין בודד וכל ההיסטוריה משתנה כתוצאה מכך
b002-170	batch-002	real	adjacent	27	2	3761	in-text	overruled	ו/ב	וחמש	בחמש	88	88	2	5	firing-84936-2	שלושה דולרים וחמש עשרה סנט
b002-171	batch-002	repeat:batch-001	adjacent	34	2	342	in-text	overruled	ט/ת	הביט	הבית	78	126	1	7	firing-53213-1	שזה הביט עליהם כמחלה מדבקת בכמה גלקסיות
b002-172	batch-002	injected	known			4740	suggested	control-pass	א/ע	אכשיו	עכשיו	39	150	7	16	injected-114536-7	לא אני חושש שאין לי אני רק אכשיו חזרתי לכאן אחרי הרבה שנים שלא הייתי פה
b002-173	batch-002	real	adjacent	31	2	1510	in-text	overruled	ס/ש	סולח	שולח	84	101	3	5	firing-150852-3	אל תחשבו שאני סולח לכם
b002-174	batch-002	real	adjacent	32	2	2386	in-text	overruled	ס/ש	לסיר	לשיר	59	103	3	7	firing-173288-3	אני מעדיפה לקפוץ לסיר עם מים רותחים
b002-175	batch-002	clean	none			2587	in-text	control-pass	ו/ב	חולנית	חבלנית	72	36	2	6	clean-38313-2	היא היתה חולנית מהרגע שפגשתי אותה
b002-176	batch-002	real	adjacent	23	2	4035	in-text	overruled	ו/ב	ומה	במה	122	116	9	13	firing-228870-9	אני חושב שהגיע הזמן שתבין מה זאת מוזיקה טובה ומה זאת מוזיקה גרועה
b002-177	batch-002	real	adjacent	44	2	3026	in-text	overruled	כ/ק	המכור	המקור	56	95	4	8	firing-14330-4	אלה לא העקבות של המכור ירא השמים המצוי
b002-178	batch-002	real	adjacent	73	2	12690	unclear	unclear	ו/ב	וי	בי	98	128	21	23	firing-154865-21	אתם באתם למקום הנכון אני הייתי סטודנט לתואר ראשון שנים אני יודע כל מה שצריך לדעת על ליגת הנשים של אי וי אי
b002-179	batch-002	repeat:batch-001	adjacent	25	2	3806	in-text	overruled	ו/ב	ותכנון	בתכנון	45	72	4	6	firing-223622-4	וליתר דיוק מחלקת הנדסה ותכנון ערים
b002-180	batch-002	real	adjacent	33	2	3662	in-text	overruled	א/ע	בצבא	בצבע	93	92	3	12	firing-217878-3	אבי נהג להיות בצבא אך כעת הוא סתם מומחה ממוצע לאיכות הסביבה
b002-181	batch-002	real	adjacent	28	2	3792	in-text	overruled	כ/ק	כמה	קמה	146	78	7	10	firing-31015-7	הוא שאל כמה שאלות על משחק הבייסבול כמה על הסמל
b002-182	batch-002	real	adjacent	22	2	5563	both-fine	both-fine	ב/ו	אבר	אור	63	108	3	5	firing-16908-3	הם תופסים כל אבר אפשרי
b002-183	batch-002	real	adjacent	29	2	3696	suggested	agreed	כ/ק	הכושי	הקושי	81	66	1	7	firing-37759-1	בגלל הכושי ההוא אני ארוויח מהכושי הזה
b002-184	batch-002	real	adjacent	58	2	1574	both-fine	both-fine	א/ע	אשר	עשר	115	114	2	4	firing-67197-2	זה האחד אשר בחיים
b002-185	batch-002	real	adjacent	32	2	21764	in-text	overruled	ח/כ	החול	הכול	87	126	5	16	firing-113328-5	כמה הריסות אפשר לראות אבל החול החם והמים הכחולים זה בשבילי אני לא רוצה לזרז אתכם
b002-186	batch-002	real	adjacent	29	2	2855	in-text	overruled	ש/ס	משיט	מסיט	52	58	1	6	firing-33119-1	אתה משיט את הסחורה שלך בנהר
b002-187	batch-002	real	adjacent	29	2	2489	in-text	overruled	ו/ב	והרבה	בהרבה	89	98	4	7	firing-136820-4	שנה וחצי אחר כך והרבה דברים קרו
b002-188	batch-002	real	adjacent	25	2	2931	suggested	agreed	ת/ט	תביעת	טביעת	71	87	4	7	firing-58177-4	ג ון יש לך תביעת עין לכשרון
b002-189	batch-002	real	adjacent	27	2	2785	unclear	unclear	ט/ת	בטי	בתי	99	107	1	4	firing-261329-1	בו בטי הוא עסוק
b002-190	batch-002	real	adjacent	57	2	8983	in-text	overruled	א/ע	אבד	עבד	83	111	6	9	firing-48598-6	לצערי הספר נאבד במאה ה לא אבד אלא נלקח
b002-191	batch-002	real	adjacent	33	2	13385	both-fine	both-fine	ו/ב	וארבעה	בארבעה	73	71	5	8	firing-194263-5	ספרטקוס זכה להצלחה ביקורתית ומסחרית וארבעה פרסי אוסקר
b002-192	batch-002	real	adjacent	36	2	6494	in-text	overruled	ב/ו	בחצי	וחצי	93	107	2	8	firing-112578-2	הוא זכה בחצי מיליון בהנד בול ועכשיו ברולטה
b002-193	batch-002	real	adjacent	22	2	2489	unclear	unclear	ב/ו	וכב	וכו	31	83	1	17	firing-581-1	ל וכב ת ודיר מ ל ע ע מ שנ הנידמבתו מ וקמה םורדבםג ו ן ופצבםג
b002-194	batch-002	clean	none			646	in-text	control-pass	ב/ו	באתי	ואתי	116	43	5	7	clean-79632-5	איך זה היה נראה אילו באתי לבד
b002-195	batch-002	real	adjacent	22	2	2924	in-text	overruled	ע/א	קרע	קרא	87	106	3	14	firing-47182-3	אמא שלי זה קרע אותה מבפנים מפני שהיא לא יכלה לעשות דבר בקשר לזה
b002-196	batch-002	injected	known			38814	suggested	control-pass	א/ע	לאצור	לעצור	34	121	15	24	injected-8173-15	תקשיב תראה אנחנו יכולים ללכת להשיג צו לחזור עם הבולשת ולקחת כל מה שאנחנו רוצין לאצור כל מי שנרצה פשוט תן לבנאדם את הקלטת
b002-197	batch-002	real	adjacent	59	2	5271	in-text	overruled	ו/ב	וי	בי	98	128	6	19	firing-61545-6	אני עם ויולט כלומר הייתי עם וי לא מזמן היה לנו תינוק ביחד אזאנחנו אני לא יודע מה אנחנו
b002-198	batch-002	real	adjacent	23	2	2971	in-text	overruled	א/ע	אל	על	148	164	1	5	firing-28751-1	ריי אל תידבק אליו אוקי
b002-199	batch-002	real	adjacent	24	2	2402	in-text	overruled	ב/ו	הבא	הוא	125	164	1	9	firing-211828-1	בבקשה הבא אותם פול והכל יוכל לחזור לאיך שהיה
b002-200	batch-002	real	adjacent	29	2	2360	unclear	unclear	א/ע	תא	תע	107	55	5	8	firing-488-5	תא של הל וכ י תא ש המ
b002-201	batch-002	real	adjacent	25	2	1888	unclear	unclear	ו/ב	וולי	בולי	81	66	3	8	firing-170087-3	אני מתה על וולי כדאי שאני אוהב אותו
b002-202	batch-002	real	adjacent	33	2	1570	unclear	unclear	ו/ב	וילי	בילי	82	107	2	6	firing-104503-2	אל תתפרק וילי אתה שומע אותי
b002-203	batch-002	real	adjacent	28	2	5354	in-text	overruled	א/ע	אל	על	148	164	7	11	firing-73721-7	אבל מה כל זה אומר לנו בנוגע אל כוונותיו של הורדוס
b002-204	batch-002	clean	none			10680	in-text	control-pass	ח/כ	חזרה	כזרה	121	34	7	9	clean-95344-7	בדיוק כשחשבתי שהצלחתי לחמוק הם מושכים אותי חזרה פנימה
b002-205	batch-002	injected	known			15295	suggested	control-pass	ו/ב	ועצמך	בעצמך	24	113	4	6	injected-133318-4	אולי תעשי את זה ועצמך אורגון
b002-206	batch-002	real	adjacent	72	2	67532	in-text	overruled	א/ע	אל	על	148	164	7	10	firing-232927-7	האם היא היתה מחברת מחדש את החלק אל גופה הלטאתי
b002-207	batch-002	real	adjacent	29	2	6802	unclear	unclear	ע/א	הרעיה	הראיה	54	85	4	8	firing-208891-4	אני מקווה שתמצאי את הרעיה אחות העריקה שלך
b002-208	batch-002	real	adjacent	47	2	3315	in-text	overruled	ח/כ	חווית	כווית	74	63	5	8	firing-124674-5	השארו איתנו ל שעות של חווית פוטבול משובחת
b002-209	batch-002	real	adjacent	48	2	2189	in-text	overruled	א/ע	הראיון	הרעיון	86	111	5	9	firing-141456-5	את ההצגה הרישמית שלך בשביל הראיון שלך עם המלך
b002-210	batch-002	real	adjacent	65	2	3014	unclear	unclear	ו/ב	וובי	בובי	48	107	4	15	firing-212505-4	ג וי לראות את וובי זה הרבה יותר כיף ממשהו שקרה ברכב של דוד שלי
b002-211	batch-002	real	adjacent	22	2	5528	in-text	overruled	ו/ב	וכל	בכל	117	138	9	22	firing-186144-9	אם אנחנו נחלץ אותו משם אנחנו יוצרים סערת חרא וכל הסכם השלום יתמוטט אדמירל ברונט אומר שחיילים סרבים רצחו את הטייס שלו
b002-212	batch-002	real	adjacent	26	2	757	both-fine	both-fine	א/ע	שאלי	שעלי	78	84	4	6	firing-251544-4	טוב אתה יודע מה שאלי רוצה
b002-213	batch-002	real	adjacent	62	2	2970	in-text	overruled	ח/כ	חבשו	כבשו	56	65	1	6	firing-110688-1	אנא חבשו את המשקפיים כל הזמן
b002-214	batch-002	injected	known			2363	suggested	control-pass	ב/ו	בלא	ולא	78	129	4	8	injected-20555-4	הבטחת לקחת אותי לטהיטי בלא קיימת את זה
b002-215	batch-002	real	adjacent	69	2	2016	unclear	unclear	ו/ב	ון	בן	123	134	1	4	firing-191681-1	די ון דוד ג
b002-216	batch-002	real	adjacent	43	2	2392	in-text	overruled	א/ע	אל	על	148	164	1	5	firing-120622-1	אחרת אל תאכלי את זה
b002-217	batch-002	real	adjacent	24	2	12892	both-fine	both-fine	כ/ק	נשיכה	נשיקה	75	98	8	11	firing-119151-8	זה אזור קשה שם בחוץ אתה עלול לקבל נשיכה באמצע הלילה
b002-218	batch-002	real	adjacent	21	2	4005	in-text	overruled	א/ע	השאיר	השעיר	102	68	2	7	firing-255305-2	אולי הילד השאיר קצת נזלת מתחת לשלחן
b002-219	batch-002	real	adjacent	22	2	5347	in-text	overruled	א/ע	מאז	מעז	124	95	3	17	firing-245418-3	בכל אופן אני מאז בכל פעם שאני מחזיקה עט אני חשה נרדפת על ידי המילים שהוא כתב
b002-220	batch-002	real	adjacent	30	2	2566	suggested	agreed	ע/א	לעזעזל	לעזאזל	84	139	4	8	firing-252955-4	תעשה את זה עכשיו לעזעזל ותביא אותם אלי
b002-221	batch-002	real	adjacent	45	2	3254	in-text	overruled	ב/ו	הבא	הוא	125	164	1	5	firing-57487-1	האלף הבא מחכה לנו בפינה
b002-222	batch-002	real	adjacent	30	2	3066	both-fine	both-fine	ת/ט	קנת	קנט	86	93	1	9	firing-197910-1	מר קנת קבוצת טרוריסטים השתלטה על מגדל אייפל בפריס
b002-223	batch-002	real	adjacent	24	2	2460	suggested	agreed	ע/א	לעזעזל	לעזאזל	84	139	4	8	firing-146639-4	מזל רע יד האלוהים לעזעזל אם אני יודע
b002-224	batch-002	real	adjacent	22	2	7341	in-text	overruled	ע/א	רעייה	ראייה	54	93	9	11	firing-147692-9	אני רק מוזר לידוע מה העסק שלך בדלת של רעייה שלי
b002-225	batch-002	real	adjacent	39	2	5490	in-text	overruled	ס/ש	ספות	שפות	59	78	3	7	firing-163930-3	אני עברתי שתי ספות ב כריות ושמיכות
b002-226	batch-002	real	adjacent	22	2	7868	unclear	unclear	ק/כ	קי	כי	105	145	2	9	firing-199878-2	קילומטר משם קי הכין ארוחת ערב כשהוא הופרע בגסות
b002-227	batch-002	real	adjacent	46	2	3591	in-text	overruled	א/ע	אל	על	148	164	3	6	firing-119711-3	נשים מתמסרות בקלות אל תירי בי
b002-228	batch-002	real	adjacent	24	2	4019	unclear	unclear	ב/ו	בג	וג	103	110	2	4	firing-259776-2	תתקשר לאימי בג ולייט
b002-229	batch-002	real	adjacent	69	2	4185	in-text	overruled	ס/ש	סאם	שאם	112	117	2	6	firing-212431-2	אמרתי לך סאם אין כזה דבר
b002-230	batch-002	real	adjacent	28	2	5129	in-text	overruled	א/ע	אבד	עבד	83	111	1	8	firing-245379-1	ליבי אבד לא תכננתי להתאהב שוב אך פופ
b002-231	batch-002	real	adjacent	22	2	1792	in-text	overruled	ב/ו	בשלושה	ושלושה	85	81	2	4	firing-227419-2	שבעה קילו בשלושה שבועות
b002-232	batch-002	clean	none			2077	in-text	control-pass	ו/ב	רוצה	רבצה	155	29	1	8	clean-90015-1	לא רוצה לבייש את עצמי בפני עמיתיי הסוטים
b002-233	batch-002	injected	known			1665	suggested	control-pass	א/ע	לאזאזל	לעזאזל	30	139	1	4	injected-12459-1	מה לאזאזל אתה רוצה
b002-234	batch-002	real	adjacent	30	2	7087	both-fine	both-fine	ט/ת	מפלטו	מפלתו	30	36	2	6	firing-22683-2	העוקצנות היא מפלטו של שכל רפה
b002-235	batch-002	repeat:batch-001	adjacent	41	2	4904	unclear	unclear	ע/א	עלו	אלו	92	122	4	6	firing-264594-4	אתה שוכח שלי הן עלו בשלי
b002-236	batch-002	real	adjacent	29	2	751	in-text	overruled	ו/ב	וכוח	בכוח	75	98	1	6	firing-179892-1	וסיבולת וכוח כדי לנצח במאבק ארוך
b002-237	batch-002	real	adjacent	48	2	2721	suggested	agreed	א/ע	אם	עם	157	157	6	9	firing-108484-6	זה נחמד הם רוצים שאני יישאר אם הפרויקט פה
b002-238	batch-002	real	adjacent	22	2	17062	unclear	unclear	ע/א	ערובה	ארובה	95	61	13	16	firing-24552-13	כפי שדיווחנו מוקדם יותר מרדף המשטרה פרוע הסתיים בטרגדיה הבוקר עם מותו של ערובה נקבה בן
b002-239	batch-002	real	adjacent	22	2	6600	in-text	overruled	ו/ב	ושל	בשל	95	97	14	16	firing-77992-14	עכשיו במאמץ לשפר את כל זה הכנסיה החליטה שהשנה זה הזמן להתחדשות של אמונה ושל סגנון
b002-240	batch-002	real	adjacent	30	2	2729	in-text	overruled	ע/א	העור	האור	98	106	1	7	firing-224987-1	מעיל העור הזה לבד שווה ליש ט
b002-241	batch-002	real	adjacent	50	2	7822	in-text	overruled	ס/ש	סל	של	80	162	8	21	firing-198382-8	רואים את ברוס לי נלחם נגד שחקן הכדור סל כרים עבדול ג אבר צ אן לומד תכסיסים איך לנצח את יריבו
b002-242	batch-002	real	adjacent	43	2	4230	in-text	overruled	ו/ב	רוי	רבי	97	81	6	8	firing-128491-6	אבל הבלש איקס הזה האם הוא רוי וושבורן
b002-243	batch-002	real	adjacent	32	2	3030	in-text	overruled	ח/כ	חזה	כזה	93	132	8	10	firing-95-8	וכשהוא הגיע לשם והמציאות לא הייתה כפי שהוא חזה אותה
b002-244	batch-002	real	adjacent	65	2	1469	in-text	overruled	ק/כ	קן	כן	95	162	1	4	firing-12995-1	לת קן את השמלה
b002-245	batch-002	real	adjacent	36	2	3606	unclear	unclear	א/ע	פאם	פעם	92	141	1	7	firing-246386-1	בסדר פאם יש לי עוד פרוייקט בשבילך
b002-246	batch-002	real	adjacent	43	2	4020	suggested	agreed	ח/כ	שחל	שכל	57	118	4	18	firing-170980-4	האם אתה מודע לכך שחל איסור על שימוש בקסמים מחוץ לכותלי בית הספר כל עוד הינך מתחת לגיל
b002-247	batch-002	clean	none			2017	in-text	control-pass	א/ע	את	עת	178	91	2	4	clean-54124-2	על מה את מדברת
b002-248	batch-002	real	adjacent	30	2	7934	suggested	agreed	ב/ו	הבא	הוא	125	164	8	10	firing-200222-8	עכשיו פנה שם שמאלה לפריג יה ליד הירח הבא שזורח
b002-249	batch-002	injected	known			3990	suggested	control-pass	ע/א	מרעה	מראה	62	108	1	6	injected-60252-1	זה מרעה לנו את מקומנו בחברה
b002-250	batch-002	real	adjacent	38	2	4162	in-text	overruled	ב/ו	בג	וג	103	110	5	9	firing-175198-5	אני לא יתן לך לפגוע בג ני שוב טוב
b002-251	batch-002	real	adjacent	47	2	6329	unclear	unclear	ט/ת	בט	בת	78	122	2	8	firing-128277-2	לכי מפה בט אני לא רוצה לראות אותך
b002-252	batch-002	real	adjacent	31	2	25192	in-text	overruled	ש/ס	שוד	סוד	97	102	3	12	firing-44050-3	כל פעם שהתבצע שוד גדול היו חוקרים אותו ולא מוצאים שום דבר
b002-253	batch-002	repeat:batch-001	adjacent	23	2	5032	both-fine	both-fine	ס/ש	יספרו	ישפרו	70	43	4	7	firing-169533-4	אתה יודע יום אחד יספרו את הסיפור
b002-254	batch-002	real	adjacent	39	2	5460	in-text	overruled	ק/כ	העורקים	העורכים	78	54	3	15	firing-36685-3	לחדר הימני ודרך העורקים של הריאות אל הריאות יש המרה בין דו תחמוצת הפחמן לחמצן
b002-255	batch-002	real	adjacent	34	2	5451	in-text	overruled	ש/ס	לשדר	לסדר	81	103	2	9	firing-26961-2	והוא מנסה לשדר בשפת הגוף שלו שחק על הכל
b002-256	batch-002	repeat:batch-001	adjacent	28	2	4582	in-text	overruled	ו/ב	ואותו	באותו	71	119	3	5	firing-168023-3	אל תששש אותי ואותו לא
b002-257	batch-002	clean	none			4109	in-text	control-pass	ש/ס	שלו	סלו	143	47	4	7	clean-88363-4	מתוך מגירת שולחן הכתיבה שלו אתה יודע
b002-258	batch-002	injected	known			1537	unclear	control-miss	ע/א	לע	לא	85	178	4	8	injected-35685-4	הנ ה את ה לע מרגיש יותר טוב
b002-259	batch-002	real	adjacent	32	2	1529	unclear	unclear	א/ע	אל	על	148	164	3	8	firing-26979-3	מה טריניטרון בשבילך אל תיבת דואר ספאדוצ י
b002-260	batch-002	real	adjacent	27	2	4694	both-fine	both-fine	ו/ב	שלו	שלב	143	98	4	13	firing-2605-4	שהשיג את השיניים הטוחנות שלו מוקדם יותר בחייו להתחיל לאהוב זה מיסתורין נפלא
b002-261	batch-002	real	adjacent	21	2	57488	in-text	overruled	ס/ש	הגיסה	הגישה	57	98	10	12	firing-140136-10	זהו פולחן עבור זה משהו שכל אמא הגיסה שולחת לבת הגיסה שלה
b002-262	batch-002	real	adjacent	58	2	2099	in-text	overruled	א/ע	אשר	עשר	115	114	2	4	firing-67226-2	זה האחד אשר בחיים
b002-263	batch-002	real	adjacent	25	2	9368	unclear	unclear	ט/ת	סטי	סתי	60	32	2	5	firing-87189-2	הבית של סטי עיר המתים
b002-264	batch-002	injected	known			1386	suggested	control-pass	ע/א	עותי	אותי	0	151	3	5	injected-14682-3	אז תודה שהזמנת עותי לכאן
b002-265	batch-002	real	adjacent	22	1	6412	unclear	unclear	כ/ק	הכושי	הקושי	81	66	6	8	firing-38678-6	נינו שיבטה מאפיונר מזדיין משוחח עם הכושי מהאיסלאם
b002-266	batch-002	real	adjacent	24	2	2661	unclear	unclear	ס/ש	אסרת	אשרת	46	68	1	6	firing-111598-1	מדוע אסרת את אחת מהאחיות שלי
b002-267	batch-002	real	adjacent	31	2	2197	in-text	overruled	ב/ו	בזה	וזה	133	131	2	4	firing-261456-2	לא צפית בזה עדיין
b002-268	batch-002	injected	known			3000	both-fine	control-miss	ב/ו	היב	היו	30	137	1	5	injected-33196-1	הם היב גם חברים שלך
b002-269	batch-002	real	adjacent	45	2	9173	in-text	overruled	ט/ת	טפסו	תפסו	47	100	1	4	firing-93677-1	הם טפסו בתעלות האוורור
b002-270	batch-002	real	adjacent	49	2	3172	in-text	overruled	ב/ו	בלהציל	ולהציל	51	76	1	5	firing-98179-1	אשמים בלהציל את החיים שלך
b002-271	batch-002	real	adjacent	24	2	8218	unclear	unclear	ק/כ	הקס	הכס	51	74	2	6	firing-196081-2	מחזורים של הקס ווין במינון מלא
b002-272	batch-002	real	adjacent	59	2	4432	both-fine	both-fine	ס/ש	הסם	השם	80	122	4	6	firing-102628-4	כך תקבל את מנת הסם שלך
b002-273	batch-002	real	adjacent	38	2	3884	in-text	overruled	א/ע	להציא	להציע	33	107	1	7	firing-79177-1	כדי להציא אותם החוצה היו צריכים לזהות
b002-274	batch-002	real	adjacent	22	2	3479	suggested	agreed	ע/א	ועם	ואם	106	123	3	11	firing-196499-3	לפתע אתה כאן ועם המנגינה עליכם להקשיב אחד לשניה היטב כן
b002-275	batch-002	clean	none			6712	in-text	control-pass	ש/ס	יש	יס	158	78	3	14	clean-62271-3	אם לאויב שלך יש מספרים גדולים ממך אתה הפרד ומשול לצמצם את המספרים האלה
b002-276	batch-002	real	adjacent	40	2	5212	in-text	overruled	כ/ח	הכומר	החומר	98	102	2	7	firing-41301-2	בגלל זה הכומר שפך עלי מים קדושים
b002-277	batch-002	real	adjacent	106	2	7942	in-text	overruled	ח/כ	חי	כי	118	145	3	8	firing-119275-3	הוא נשאר עד חי למרות הברבריות של התליינים
b002-278	batch-002	clean	none			31769	in-text	control-pass	כ/ח	הארוכות	הארוחות	68	72	7	10	clean-89524-7	וצ נדלר אתה תצטרך להיזהר עם המקלחות הארוכות שלך בבוקר
b002-279	batch-002	real	adjacent	24	2	546	in-text	overruled	ע/א	עז	אז	85	155	4	7	firing-104312-4	אה איש שנתן את עז מהמכלאה שלו
b002-280	batch-002	real	adjacent	24	2	3255	in-text	overruled	ח/כ	חלום	כלום	106	132	1	12	firing-24158-1	הם חלום הבלהות של בני הנעורים והם לא משרתים שום מטרה מועילה
b002-281	batch-002	real	adjacent	22	2	11482	in-text	overruled	ת/ט	הפרת	הפרט	85	73	3	9	firing-37481-3	אתם עצורים עבור הפרת קוד תחנה סעיף קטן בטא
b002-282	batch-002	real	adjacent	24	2	2234	in-text	overruled	ב/ו	בי	וי	128	98	2	6	firing-177630-2	היו עושים בי שם מעשי סדום
b002-283	batch-002	real	adjacent	48	2	7020	in-text	overruled	כ/ק	תכף	תקף	91	94	7	9	firing-143011-7	אוקיי אני כמעט רואה את החוד הוא תכף בחוץ
b002-284	batch-002	real	adjacent	55	2	3359	suggested	agreed	ת/ט	תצתרך	תצטרך	40	111	1	7	firing-53401-1	אתה תצתרך אנחנו נקח את זה מכאן
b002-285	batch-002	real	adjacent	33	2	9606	in-text	overruled	ב/ו	בלשלוח	ולשלוח	33	76	14	19	firing-175781-14	ל אפ טי אל אין מושג מה הם גילו אחרת הם לא היה מסתכנים בלשלוח את זה לאזרחים לניתוח
b002-286	batch-002	real	adjacent	33	2	20782	in-text	overruled	ס/ש	סלחתי	שלחתי	71	100	8	11	firing-177907-8	אני לא יכול לומר בכל הכנות שאי פעם סלחתי לו אדוני
b002-287	batch-002	real	adjacent	31	2	3420	in-text	overruled	ע/א	עם	אם	157	157	12	15	firing-135669-12	בסדר אתם רוצים לדעת למה אני לא יכול לעזור לדי ג יי עם הקמפיין שלה
b002-288	batch-002	real	adjacent	34	2	4926	in-text	overruled	ב/ו	בלשים	ולשים	84	82	6	15	firing-154602-6	מה שאתה צריך לעשות זה להתרכז בלשים את כוח התחת בידיו של הישות הפשוטה שלך
b002-289	batch-002	clean	none			5993	in-text	control-pass	א/ע	אם	עם	157	157	3	6	clean-60137-3	אשתי בפועל גם אם לא רשמית
b002-290	batch-002	real	adjacent	45	2	4500	in-text	overruled	ב/ו	בלמצוא	ולמצוא	61	87	3	7	firing-22782-3	מה לא בסדר בלמצוא את ישו הא
b002-291	batch-002	real	adjacent	21	2	7649	unclear	unclear	ס/ש	מפריס	מפריש	59	49	1	5	firing-136157-1	הוא מפריס במאי ממש מדהים
b002-292	batch-002	real	adjacent	44	1	4582	in-text	overruled	ח/כ	חי	כי	118	145	1	10	firing-229698-1	אורניזם חי אולי משהו בסגנון מחשב מבוסס די אנ איי
b002-293	batch-002	real	adjacent	41	2	11701	both-fine	both-fine	ח/כ	בחלל	בכלל	91	127	12	15	firing-15691-12	אתם צריכים להפעיל את הפצצה מרחוק לפני שהאסטרואיד יעבור מעל השטח הזה בחלל מחסום אפס
b002-294	batch-002	real	adjacent	21	2	4918	in-text	overruled	ע/א	יקרע	יקרא	71	82	4	8	firing-32182-4	אם סטנלי שם אני יקרע לו את התחת
b002-295	batch-002	real	adjacent	38	2	1769	both-fine	both-fine	א/ע	אם	עם	157	157	3	10	firing-133664-3	אני חייב לכדרר אם הכדור אצלך אתה סתם תנסה לקלוע
b002-296	batch-002	real	adjacent	45	2	3210	in-text	overruled	ב/ו	הבא	הוא	125	164	3	7	firing-115272-3	להיפך אני אומר הבא נעניק לו פרס
b002-297	batch-002	real	adjacent	34	2	3539	suggested	agreed	ט/ת	לטבוע	לתבוע	79	90	2	5	firing-117312-2	גבר יכול לטבוע בעיניים האלו
b002-298	batch-002	real	adjacent	25	2	2227	unclear	unclear	ק/כ	וק	וכ	81	68	5	13	firing-525-5	ן ו מ עפ ל וק ה יה י טעמ ד ו ע
b002-299	batch-002	clean	none			1739	in-text	control-pass	א/ע	את	עת	178	91	2	4	clean-59653-2	איני מבינה את המהומה
b002-300	batch-002	real	adjacent	35	2	4927	in-text	overruled	א/ע	אל	על	148	164	11	13	firing-24587-11	לא לא כדי להגיע לביתו של נד כדאי שתפנה ימינה ותחזור אל הגבעות
b002-301	batch-002	real	adjacent	25	2	6578	in-text	overruled	ו/ב	ועוד	בעוד	109	121	2	6	firing-4723-2	אלף עכשיו ועוד אלף אחרי החתונה
b002-302	batch-002	real	adjacent	37	2	1491	in-text	overruled	א/ע	אליך	עליך	124	128	2	5	firing-85171-2	אם לא אליך למי אפנה
b002-303	batch-002	real	adjacent	30	2	3247	in-text	overruled	ע/א	עם	אם	157	157	6	9	firing-2999-6	היית צריך לדעת שזה מה שיקרה עם מגאזין כזה
b002-304	batch-002	real	adjacent	24	2	3929	suggested	agreed	ב/ו	עברי	עורי	72	71	4	6	firing-252481-4	הייתי חייב לחשוף את עברי קודם
b002-305	batch-002	real	adjacent	38	2	884	unclear	unclear	ט/ת	בט	בת	78	122	1	5	firing-253785-1	אז בט תשיר שני שירים
b002-306	batch-002	real	adjacent	27	2	6142	in-text	overruled	ע/א	על	אל	164	148	4	6	firing-196724-4	איזה סכום כסף להוציא על הזר
b002-307	batch-002	real	adjacent	52	2	4026	in-text	overruled	ב/ו	עברך	עורך	64	110	4	6	firing-96291-4	אביה אינו יודע על עברך נכון
b002-308	batch-002	real	adjacent	22	2	9968	in-text	overruled	כ/ח	כבר	חבר	143	136	6	9	firing-33154-6	אתה יכול תמיד לחזות את המנצחים כבר בקו הזינוק
b002-309	batch-002	clean	none			9569	in-text	control-pass	ק/כ	קחי	כחי	110	36	3	7	clean-40640-3	תצאי מהבניין לימינך קחי את האוטובוס הראשון
b002-310	batch-002	real	adjacent	34	2	7559	in-text	overruled	א/ע	אל	על	148	164	9	12	firing-234245-9	אני מעדיף לחשוב על זה כעל רווח הדדי שדוחף אל הכיוון הנכון
b002-311	batch-002	real	adjacent	36	2	2264	in-text	overruled	כ/ק	סוכר	סוקר	96	52	8	11	firing-210666-8	הוא אהב את זה זה כמו לפזר אבקת סוכר על סופגנייה
b002-312	batch-002	real	adjacent	30	2	3773	in-text	overruled	כ/ק	כה	קה	116	78	11	22	firing-21512-11	יש ברשותי תדפיס סודי ביותר של פרטי המכירות של חנות ספרים כה חסרת חשיבות אך כה מלאה בצדקנות עד שמיד חשתי אליה
b002-313	batch-002	real	adjacent	22	2	4229	unclear	unclear	ו/ב	ול	בל	90	97	3	5	firing-132330-3	לתלותמו הפי רעיש ול היה
b002-314	batch-002	injected	known			15704	suggested	control-pass	א/ע	אד	עד	106	141	4	7	injected-1064-4	ושלא יגלו את הגופה אד היום הבא
b002-315	batch-002	repeat:batch-001	adjacent	22	2	7289	unclear	unclear	ו/ב	מולי	מבלי	103	107	2	4	firing-258807-2	החברה שלו מולי חולה
b003-001	batch-003	repeat:batch-001	adjacent	21	2	15198	both-fine	both-fine	ח/כ	חבר	כבר	136	143	2	5	firing-165408-2	תעשה סיבוב חבר תעשה סיבוב
b003-002	batch-003	repeat:batch-001	adjacent	45	2	10926	in-text	overruled	ב/ו	הבא	הוא	125	164	4	9	firing-178965-4	כן היום זה יום הבא לעבודה קרוב משפחה רחוק
b003-003	batch-003	repeat:batch-002	adjacent	26	2	2453	in-text	overruled	א/ע	אליי	עליי	124	131	2	9	firing-211215-2	אל תתקרבי אליי מפני שאני לא רוצה לפגוע בך
b003-004	batch-003	repeat:batch-002	adjacent	39	2	5414	unclear	unclear	ב/ו	בג	וג	103	110	4	6	firing-142449-4	אנחנו לא יכולות לבטוח בג ונתן
b003-005	batch-003	repeat:batch-001	adjacent	38	2	10313	in-text	overruled	ו/ב	לסוך	לסבך	0	77	6	18	firing-28919-6	באופן רגיל פועלות צינוריות הדמעות כדי לסוך את העין ולהגן עליה כשמתרגשים הן מגיבות באופן מוגזם ויוצרות דמעות
b003-006	batch-003	repeat:batch-002	adjacent	24	2	4514	unclear	unclear	ב/ו	בג	וג	103	110	2	4	firing-259776-2	תתקשר לאימי בג ולייט
b003-007	batch-003	repeat:batch-002	adjacent	31	2	5835	in-text	overruled	א/ע	באולם	בעולם	90	121	4	9	firing-180858-4	האקוסטיקה שם דומה לאקוסטיקה באולם ו תראו מי הופיעה
b003-008	batch-003	repeat:batch-002	adjacent	90	2	3644	both-fine	both-fine	ס/ש	לסחרר	לשחרר	41	106	1	4	firing-52561-1	כדי לסחרר אותי כמוך
b003-009	batch-003	repeat:batch-001	adjacent	67	2	3742	both-fine	both-fine	ו/ב	הגור	הגבר	71	105	2	4	firing-3161-2	של מי הגור הזה
b003-010	batch-003	clean	none			10396	in-text	control-pass	א/ע	אני	עני	177	88	1	5	clean-104759-1	לא אני התכוונתי בלי הכסף
b003-011	batch-003	repeat:batch-002	adjacent	106	2	5781	in-text	overruled	ח/כ	חי	כי	118	145	3	8	firing-119275-3	הוא נשאר עד חי למרות הברבריות של התליינים
b003-012	batch-003	repeat:batch-001	adjacent	25	2	1882	in-text	overruled	ב/ו	בלב	בלו	96	87	6	9	firing-214983-6	לפחות נימוסי הרופא שלך משאירים תקווה בלב ג ק
b003-013	batch-003	clean	none			1897	in-text	control-pass	ח/כ	חשבתי	כשבתי	138	40	5	9	clean-92630-5	אני מניחה שאף פעם לא חשבתי על זה ככה
b003-014	batch-003	repeat:batch-002	adjacent	21	2	12134	unclear	unclear	ס/ש	הגיסה	הגישה	57	98	10	12	firing-140136-10	זהו פולחן עבור זה משהו שכל אמא הגיסה שולחת לבת הגיסה שלה
b003-015	batch-003	repeat:batch-002	adjacent	72	2	8092	in-text	overruled	א/ע	אל	על	148	164	7	10	firing-232927-7	האם היא היתה מחברת מחדש את החלק אל גופה הלטאתי
b003-016	batch-003	repeat:batch-002	adjacent	34	2	2122	in-text	overruled	ט/ת	לטבוע	לתבוע	79	90	2	5	firing-117312-2	גבר יכול לטבוע בעיניים האלו
b003-017	batch-003	repeat:batch-002	adjacent	29	2	2834	in-text	overruled	א/ע	אל	על	148	164	5	14	firing-194709-5	לכן רק שירו שיר לשלום אל תלחשו תפילה מוטב תשירו שיר לשלום בצעקה גדולה
b003-018	batch-003	repeat:batch-002	adjacent	65	2	6832	suggested	agreed	ו/ב	וובי	בובי	48	107	4	15	firing-212505-4	ג וי לראות את וובי זה הרבה יותר כיף ממשהו שקרה ברכב של דוד שלי
b003-019	batch-003	repeat:batch-002	adjacent	22	2	3719	both-fine	both-fine	ת/ט	שתף	שטף	63	73	1	4	firing-9433-1	בהחלט שתף את כולנו
b003-020	batch-003	repeat:batch-001	adjacent	22	2	2130	in-text	overruled	א/ע	אל	על	148	164	3	5	firing-247916-3	ולנסות ולהיות נחמד אל מלקולם
b003-021	batch-003	repeat:batch-002	adjacent	30	2	5887	in-text	overruled	כ/ק	כה	קה	116	78	11	22	firing-21512-11	יש ברשותי תדפיס סודי ביותר של פרטי המכירות של חנות ספרים כה חסרת חשיבות אך כה מלאה בצדקנות עד שמיד חשתי אליה
b003-022	batch-003	repeat:batch-002	adjacent	23	2	2849	in-text	overruled	ב/ו	בכאב	וכאב	80	69	4	7	firing-146496-4	האם התנסת אי פעם בכאב ראש מיידי
b003-023	batch-003	repeat:batch-001	adjacent	21	2	4492	unclear	unclear	ו/ב	וקטע	בקטע	41	97	1	4	firing-24739-1	אהבה וקטע עם כלב
b003-024	batch-003	repeat:batch-002	adjacent	32	2	4935	in-text	overruled	ח/כ	החול	הכול	87	126	5	16	firing-113328-5	כמה הריסות אפשר לראות אבל החול החם והמים הכחולים זה בשבילי אני לא רוצה לזרז אתכם
b003-025	batch-003	repeat:batch-002	adjacent	21	2	6690	in-text	overruled	ו/ב	ואנשים	באנשים	92	99	2	12	firing-97387-2	אני מסכים ואנשים צעירים ותמימים צריכים להודות על מזלם להיות אסירי תודה
b003-026	batch-003	repeat:batch-001	adjacent	37	2	5580	in-text	overruled	ו/ב	ושנית	בשנית	78	78	9	16	firing-146855-9	קודם כן זה פשע של זעם לא משיכה מינית ושנית את לא דוחה את מאוד יפה
b003-027	batch-003	repeat:batch-002	adjacent	32	2	8174	in-text	overruled	ע/א	ועף	ואף	51	104	5	18	firing-156542-5	עוזב את הגלגל של ב ועף אל הגלגל של אופניים א קדימה ואחורה עד ששני זוגות האופניים מתנגשים
b003-028	batch-003	repeat:batch-002	adjacent	57	2	22447	in-text	overruled	א/ע	אבד	עבד	83	111	6	9	firing-48598-6	לצערי הספר נאבד במאה ה לא אבד אלא נלקח
b003-029	batch-003	repeat:batch-002	adjacent	26	2	2625	in-text	overruled	א/ע	אל	על	148	164	4	6	firing-151792-4	פקסס עותק של הצו אל הפקיד
b003-030	batch-003	injected	known			2865	suggested	control-pass	ו/ב	אוהו	אוהב	65	136	3	9	injected-74935-3	אם אתה לא אוהו ספגטי וקציצת בשר צא החוצה
b003-031	batch-003	repeat:batch-001	adjacent	63	2	4432	suggested	agreed	ע/א	יעבד	יאבד	33	79	8	18	firing-93321-8	אנדרו עבד עבורי במשך שנה אף אחד לא יעבד את מקום פרנסתו בטח שאין חשש בלבצע עידכונים כאלה
b003-032	batch-003	injected	known			1626	suggested	control-pass	ע/א	עת	את	91	178	2	6	injected-58649-2	יש לך עת המשקה שלי לא
b003-033	batch-003	repeat:batch-002	adjacent	45	2	3254	in-text	overruled	ת/ט	השתן	השטן	83	102	9	11	firing-217873-9	אל תחשבי שהוא שלך רק מכיוון שסימנת אותו עם השתן שלך
b003-034	batch-003	clean	none			4096	in-text	control-pass	ב/ו	בני	וני	123	109	5	9	clean-54897-5	מה חשבת שהם יכולים לאלץ בני אדם להישאר כאן
b003-035	batch-003	repeat:batch-002	adjacent	55	2	2407	suggested	agreed	ת/ט	תצתרך	תצטרך	40	111	1	7	firing-53401-1	אתה תצתרך אנחנו נקח את זה מכאן
b003-036	batch-003	injected	known			4432	suggested	control-pass	ס/ש	סלי	שלי	61	158	9	11	injected-5242-9	אם תשמור על הפה שלך אני אשמור על הסבלנות סלי ברור
b003-037	batch-003	repeat:batch-001	adjacent	48	2	3652	in-text	overruled	ב/ו	עבד	עוד	111	143	8	12	firing-253375-8	עכשיו לאחר שהוא טעם בשר אדם הכלב יהיה עבד לתאוות הבשר שלו
b003-038	batch-003	repeat:batch-001	adjacent	35	2	3982	in-text	overruled	א/ע	אל	על	148	164	11	13	firing-24621-11	לא לא כדי להגיע לביתו של נד כדאי שתפנה ימינה ותחזור אל הגבעות
b003-039	batch-003	repeat:batch-002	adjacent	38	2	2631	in-text	overruled	ס/ש	המסטר	המשטר	54	65	6	15	firing-19976-6	זה בלתי נמנע שהתלמידים יתעלו על המסטר זה הגורל בני אנוש לא יכולים להתנגד לו
b003-040	batch-003	repeat:batch-002	adjacent	22	2	5917	in-text	overruled	ו/ב	ולרדוף	בלרדוף	54	46	10	14	firing-93358-10	אמא אני איש מאוד עסוק אין לי זמן לעזור לזה ולרדוף אחרי תביעות מגוכחות
b003-041	batch-003	repeat:batch-002	adjacent	38	2	5459	unclear	unclear	ט/ת	בט	בת	78	122	1	5	firing-253785-1	אז בט תשיר שני שירים
b003-042	batch-003	repeat:batch-002	adjacent	26	2	5639	unclear	unclear	א/ע	שאלי	שעלי	78	84	4	6	firing-251544-4	טוב אתה יודע מה שאלי רוצה
b003-043	batch-003	injected	known			8529	suggested	control-pass	ב/ו	הבא	הוא	125	164	7	11	injected-11563-7	ועכשיו עם החיים שאני תמיד רציתי בשבילו הבא עוזב את הבית
b003-044	batch-003	repeat:batch-002	adjacent	29	2	4657	in-text	overruled	ו/ב	וכוח	בכוח	75	98	1	6	firing-179892-1	וסיבולת וכוח כדי לנצח במאבק ארוך
b003-045	batch-003	clean	none			3351	in-text	control-pass	א/ע	את	עת	178	91	2	8	clean-44618-2	בואו נשמור את הידיים והזרועות שלנו לעצמנו בסדר
b003-046	batch-003	repeat:batch-002	adjacent	25	2	3427	in-text	overruled	ו/ב	ועוד	בעוד	109	121	2	6	firing-4723-2	אלף עכשיו ועוד אלף אחרי החתונה
b003-047	batch-003	clean	none			2408	in-text	control-pass	כ/ח	כמו	חמו	148	41	3	6	clean-63338-3	להשאיר אותך בוערת כמו כלב מגורה
b003-048	batch-003	repeat:batch-002	adjacent	44	1	2789	in-text	overruled	ח/כ	חי	כי	118	145	1	10	firing-229698-1	אורניזם חי אולי משהו בסגנון מחשב מבוסס די אנ איי
b003-049	batch-003	injected	known			1927	suggested	control-pass	ש/ס	כשף	כסף	59	128	1	7	injected-104574-1	שפך כשף כמו מים אבל במשחק המודרני
b003-050	batch-003	repeat:batch-001	adjacent	39	2	3997	unclear	unclear	ט/ת	טא	תא	55	107	8	10	firing-195306-8	מס התותח הראשי הוא בחוץ ואני השקנו כל טא אה
